CustomerID,FirstName,LastName,Gender,Age,Occupation,City,AnnualIncome,CreditScore
1,Sophia,Smith,Female,36,Manager,Hamburg,121530,404
2,Laura,Brown,Female,23,Engineer,Munich,53657,538
3,Christopher,King,Male,56,Manager,Leipzig,53893,759
4,Kevin,White,Male,31,Nurse,Stuttgart,61421,459
5,James,Martin,Male,26,Nurse,Munich,72052,652
6,Lisa,White,Male,50,Analyst,Munich,145887,687
7,Michael,Young,Female,61,Sales Executive,Stuttgart,100674,496
8,Michael,Johnson,Male,39,Teacher,Frankfurt,138571,403
9,William,White,Female,61,Software Developer,Hamburg,73520,663
10,James,White,Male,59,Doctor,Frankfurt,46417,773
11,William,White,Male,64,Software Developer,Berlin,55021,332
12,Robert,Garcia,Female,25,Manager,Stuttgart,52869,811
13,William,Lewis,Male,37,Doctor,Frankfurt,122647,569
14,Kevin,Clark,Female,44,Manager,Hamburg,91784,805
15,Michael,Johnson,Male,30,Doctor,Leipzig,103172,365
16,William,Garcia,Female,54,Accountant,Berlin,114166,417
17,Laura,White,Female,28,Accountant,Leipzig,45730,764
18,John,White,Male,53,Teacher,Cologne,135319,819
19,Lisa,Thomas,Male,44,Doctor,Berlin,103504,631
20,Anna,Smith,Male,44,Accountant,Frankfurt,32592,546
21,Kevin,Brown,Male,52,Teacher,Hamburg,41828,786
22,Laura,Anderson,Female,54,Sales Executive,Leipzig,52760,505
23,Sarah,Garcia,Female,49,Analyst,Dresden,40860,553
24,Emily,Brown,Female,22,Sales Executive,Frankfurt,102128,525
25,John,Brown,Male,35,Teacher,Berlin,137674,638
26,Michael,Hall,Male,38,Consultant,Frankfurt,95678,435
27,Kevin,Allen,Female,36,Consultant,Leipzig,49957,396
28,Sophia,Clark,Female,48,Nurse,Dresden,138224,355
29,Sophia,Johnson,Female,42,Teacher,Frankfurt,50112,494
30,Laura,Lewis,Male,48,Doctor,Cologne,85637,555
31,Michael,Lewis,Male,24,Analyst,Berlin,37224,542
32,Olivia,Clark,Female,51,Manager,Leipzig,143284,360
33,Olivia,Garcia,Male,45,Accountant,Dresden,62388,733
34,Laura,Walker,Male,33,Accountant,Frankfurt,32665,362
35,Robert,Johnson,Male,58,Consultant,Hamburg,32455,820
36,Michael,Anderson,Male,59,Teacher,Frankfurt,77923,422
37,Kevin,Jackson,Male,60,Teacher,Leipzig,111163,835
38,Robert,White,Male,63,Software Developer,Frankfurt,59814,705
39,David,Harris,Female,41,Teacher,Berlin,85068,402
40,Michael,Young,Male,53,Accountant,Hamburg,147324,657
41,Michael,Jackson,Female,39,Doctor,Dresden,134280,609
42,Lisa,Hall,Male,63,Analyst,Cologne,147127,406
43,David,White,Male,27,Analyst,Hamburg,60697,588
44,Lisa,Thomas,Female,34,Accountant,Dresden,57914,352
45,Michael,Clark,Female,23,Engineer,Stuttgart,126072,433
46,Daniel,Anderson,Female,56,Nurse,Berlin,39663,377
47,David,Young,Male,44,Sales Executive,Hamburg,81333,430
48,Emma,Harris,Female,23,Software Developer,Frankfurt,114399,555
49,Sophia,Thompson,Female,60,Doctor,Frankfurt,138325,466
50,Olivia,Clark,Male,32,Software Developer,Leipzig,130150,554
51,Daniel,Anderson,Male,45,Engineer,Dresden,54154,504
52,Thomas,Thompson,Female,35,Manager,Berlin,111511,497
53,William,Martin,Female,25,Accountant,Stuttgart,109080,821
54,William,Young,Female,22,Teacher,Cologne,48405,571
55,Emma,Wilson,Female,43,Software Developer,Leipzig,104457,823
56,Sophia,Garcia,Male,37,Engineer,Leipzig,25221,832
57,Laura,Thomas,Female,48,Teacher,Stuttgart,106678,621
58,Sophia,Harris,Female,63,Nurse,Stuttgart,77743,602
59,Laura,Taylor,Male,47,Nurse,Hamburg,105676,608
60,William,Young,Male,40,Accountant,Frankfurt,81346,629
61,Thomas,Lewis,Female,64,Manager,Dresden,129036,473
62,Michael,Harris,Female,26,Manager,Cologne,54444,503
63,David,Smith,Male,36,Consultant,Munich,84692,724
64,Kevin,Thomas,Female,52,Nurse,Frankfurt,44342,305
65,Sophia,Clark,Male,32,Analyst,Dresden,31582,555
66,Sophia,Lewis,Male,50,Analyst,Stuttgart,149523,753
67,Lisa,Hall,Female,56,Consultant,Hamburg,122472,786
68,Thomas,White,Male,61,Accountant,Dresden,107149,544
69,Daniel,Lewis,Male,39,Manager,Cologne,69020,627
70,Laura,Brown,Male,30,Manager,Leipzig,115957,456
71,James,Brown,Female,47,Software Developer,Dresden,79496,363
72,James,Clark,Female,58,Engineer,Leipzig,87518,306
73,Linda,Harris,Female,47,Analyst,Frankfurt,88993,524
74,Daniel,Clark,Female,22,Nurse,Stuttgart,112670,714
75,Olivia,Lewis,Male,60,Analyst,Berlin,143872,703
76,Kevin,Allen,Male,26,Nurse,Hamburg,138619,772
77,Olivia,Johnson,Female,45,Software Developer,Frankfurt,84598,634
78,Robert,Garcia,Female,47,Accountant,Munich,86644,319
79,Laura,Johnson,Female,35,Teacher,Berlin,123858,331
80,Emily,Thomas,Male,60,Doctor,Frankfurt,41544,784
81,Sophia,Allen,Male,50,Accountant,Stuttgart,46992,417
82,Olivia,Harris,Male,58,Engineer,Cologne,100470,684
83,William,Thomas,Male,58,Manager,Munich,116382,608
84,Lisa,Wilson,Male,43,Analyst,Leipzig,111706,679
85,Michael,Hall,Female,21,Nurse,Dresden,38833,743
86,Linda,Lewis,Male,48,Doctor,Cologne,105728,795
87,Thomas,Clark,Female,41,Manager,Munich,61559,761
88,Emily,Lewis,Female,42,Engineer,Dresden,136536,632
89,Olivia,Walker,Male,43,Accountant,Stuttgart,61655,582
90,Laura,Smith,Male,26,Manager,Leipzig,89038,546
91,Anna,Walker,Female,22,Teacher,Cologne,54045,714
92,Emily,Harris,Female,51,Analyst,Stuttgart,80771,638
93,Linda,Lewis,Female,40,Accountant,Frankfurt,40814,497
94,Robert,Wilson,Male,33,Manager,Dresden,61241,837
95,Lisa,Harris,Male,33,Accountant,Frankfurt,72301,483
96,Sarah,Smith,Male,38,Engineer,Berlin,97529,599
97,David,Walker,Male,21,Sales Executive,Cologne,86524,790
98,Thomas,Martin,Male,24,Accountant,Dresden,39953,366
99,William,Walker,Male,57,Engineer,Hamburg,44555,611
100,Michael,Jackson,Male,56,Nurse,Frankfurt,126671,835
101,William,Lewis,Female,40,Sales Executive,Leipzig,65026,361
102,Lisa,Wilson,Male,61,Manager,Cologne,111563,383
103,Olivia,Jackson,Male,56,Teacher,Hamburg,25350,718
104,Thomas,King,Female,39,Engineer,Frankfurt,62762,589
105,Thomas,Brown,Male,37,Sales Executive,Frankfurt,80723,417
106,Laura,Jackson,Male,38,Doctor,Munich,32816,469
107,Sarah,King,Female,49,Teacher,Dresden,115266,611
108,William,White,Female,49,Teacher,Berlin,141578,742
109,Robert,King,Female,22,Teacher,Frankfurt,113381,321
110,Daniel,Allen,Male,32,Consultant,Dresden,145071,584
111,Olivia,Allen,Female,61,Consultant,Munich,86605,656
112,Jessica,Martin,Female,63,Teacher,Hamburg,68228,721
113,Anna,Harris,Female,56,Engineer,Dresden,36542,622
114,Daniel,Martin,Male,46,Analyst,Berlin,111200,773
115,Jessica,Johnson,Male,54,Software Developer,Dresden,106973,752
116,Emma,Thomas,Female,56,Doctor,Cologne,82424,796
117,Sophia,Smith,Male,31,Accountant,Berlin,97384,717
118,Michael,Jackson,Male,50,Teacher,Hamburg,90323,598
119,Christopher,White,Female,51,Consultant,Frankfurt,84871,448
120,William,Thomas,Male,25,Accountant,Leipzig,69548,819
121,Daniel,Smith,Female,40,Sales Executive,Dresden,138411,452
122,Thomas,Young,Female,43,Software Developer,Leipzig,84682,629
123,James,Jackson,Female,35,Nurse,Berlin,66704,784
124,William,Garcia,Male,52,Engineer,Hamburg,90836,639
125,Sophia,Lewis,Male,54,Consultant,Berlin,119692,447
126,Jessica,Taylor,Male,51,Accountant,Stuttgart,106691,707
127,Michael,Martin,Female,41,Consultant,Berlin,105931,370
128,Emily,Harris,Male,26,Nurse,Munich,124663,402
129,Thomas,Anderson,Female,22,Engineer,Stuttgart,129352,357
130,Sarah,Thompson,Female,48,Doctor,Frankfurt,94621,721
131,Kevin,Anderson,Male,32,Teacher,Leipzig,106226,546
132,Anna,Allen,Male,35,Consultant,Cologne,85236,561
133,John,Lewis,Female,64,Analyst,Hamburg,34681,752
134,Linda,Allen,Female,61,Nurse,Cologne,84878,609
135,James,Garcia,Female,27,Manager,Leipzig,99963,667
136,Kevin,Harris,Female,22,Nurse,Cologne,26061,350
137,Lisa,Walker,Female,35,Sales Executive,Stuttgart,53705,494
138,Lisa,White,Male,61,Teacher,Berlin,65492,751
139,Emma,Allen,Female,29,Teacher,Cologne,67823,725
140,Olivia,Thomas,Male,55,Software Developer,Cologne,133851,468
141,Daniel,Walker,Female,42,Teacher,Dresden,34869,444
142,Emily,Garcia,Female,26,Nurse,Berlin,59663,849
143,Sophia,Lewis,Female,64,Accountant,Leipzig,132795,680
144,Sophia,Jackson,Female,22,Sales Executive,Stuttgart,144964,526
145,Michael,Lewis,Female,62,Nurse,Munich,43320,346
146,Emma,Harris,Female,28,Teacher,Frankfurt,141294,850
147,David,Garcia,Female,44,Analyst,Leipzig,101983,458
148,Jessica,Wilson,Female,60,Nurse,Cologne,29288,679
149,James,Lewis,Female,36,Software Developer,Munich,114873,676
150,Laura,Thompson,Male,46,Accountant,Frankfurt,41011,765
151,Michael,Thomas,Male,24,Software Developer,Frankfurt,41505,510
152,Michael,Young,Male,58,Manager,Frankfurt,68064,451
153,Lisa,Smith,Female,30,Doctor,Cologne,129662,478
154,Sophia,Smith,Male,21,Software Developer,Frankfurt,102182,631
155,John,Anderson,Female,24,Doctor,Leipzig,93955,416
156,Michael,Walker,Female,44,Analyst,Munich,84245,815
157,Emily,King,Male,63,Analyst,Cologne,85036,331
158,Emma,Walker,Female,48,Teacher,Dresden,118375,754
159,Michael,Brown,Female,59,Doctor,Munich,41540,581
160,Lisa,Allen,Female,45,Sales Executive,Cologne,84469,817
161,Lisa,Clark,Male,65,Teacher,Frankfurt,81370,762
162,Emily,Clark,Female,50,Nurse,Leipzig,120631,397
163,Robert,Clark,Female,63,Accountant,Stuttgart,149989,456
164,Anna,Brown,Male,26,Teacher,Leipzig,37656,681
165,David,Young,Male,58,Analyst,Stuttgart,112819,425
166,Jessica,Thompson,Female,24,Accountant,Cologne,71090,406
167,Kevin,Hall,Male,30,Consultant,Frankfurt,136054,410
168,Linda,Young,Female,28,Accountant,Frankfurt,130804,739
169,Laura,King,Male,59,Accountant,Berlin,48647,579
170,Sarah,Martin,Female,21,Doctor,Hamburg,99228,710
171,Michael,Taylor,Male,26,Analyst,Frankfurt,74308,729
172,Thomas,Martin,Male,44,Accountant,Stuttgart,126821,386
173,Emma,Taylor,Male,60,Engineer,Munich,60665,753
174,Jessica,Walker,Female,47,Accountant,Frankfurt,123951,824
175,Sophia,Thompson,Female,28,Accountant,Dresden,94066,615
176,Emma,Jackson,Female,59,Engineer,Berlin,51794,608
177,James,Taylor,Female,39,Software Developer,Munich,26013,809
178,Jessica,Anderson,Male,45,Analyst,Frankfurt,90570,662
179,Michael,Garcia,Male,48,Engineer,Dresden,145738,379
180,Robert,Allen,Female,57,Nurse,Leipzig,62947,417
181,William,Smith,Female,31,Sales Executive,Dresden,134055,670
182,Michael,Clark,Male,36,Nurse,Leipzig,93676,380
183,William,Harris,Female,35,Software Developer,Hamburg,35011,822
184,Sophia,Hall,Male,43,Software Developer,Hamburg,55968,405
185,David,White,Male,32,Sales Executive,Hamburg,124642,377
186,Olivia,Walker,Female,57,Sales Executive,Dresden,114277,630
187,Robert,Taylor,Female,25,Consultant,Dresden,107756,610
188,Daniel,Allen,Male,43,Analyst,Munich,65685,772
189,Thomas,Johnson,Male,44,Accountant,Munich,109497,392
190,Lisa,King,Female,50,Sales Executive,Berlin,83947,492
191,Robert,King,Female,53,Doctor,Berlin,84050,405
192,Robert,Brown,Male,23,Manager,Dresden,82595,836
193,Christopher,King,Male,44,Software Developer,Cologne,75779,718
194,Robert,King,Male,61,Software Developer,Munich,68213,396
195,Laura,Garcia,Female,37,Sales Executive,Hamburg,68694,383
196,Kevin,Taylor,Female,40,Nurse,Hamburg,102993,386
197,Sarah,Young,Female,62,Software Developer,Hamburg,112833,839
198,Michael,Clark,Female,22,Software Developer,Cologne,48627,519
199,Robert,Walker,Male,35,Doctor,Hamburg,35114,602
200,Sophia,Hall,Male,63,Software Developer,Hamburg,103282,685
201,David,Anderson,Male,65,Sales Executive,Hamburg,119526,748
202,Emma,Clark,Female,64,Manager,Dresden,105031,591
203,Thomas,Jackson,Male,40,Consultant,Frankfurt,73213,751
204,Thomas,Harris,Female,53,Analyst,Leipzig,46241,504
205,Lisa,Taylor,Female,24,Consultant,Stuttgart,97684,405
206,Christopher,Wilson,Female,26,Doctor,Cologne,83893,825
207,David,Clark,Male,35,Consultant,Stuttgart,146958,327
208,Jessica,Johnson,Female,53,Software Developer,Frankfurt,75615,383
209,Linda,Jackson,Male,41,Teacher,Stuttgart,128727,449
210,David,Johnson,Female,51,Doctor,Dresden,83799,305
211,Michael,Smith,Female,34,Doctor,Leipzig,39573,595
212,Emily,Harris,Male,24,Manager,Leipzig,108748,768
213,Michael,Wilson,Female,59,Analyst,Berlin,107831,827
214,Kevin,Jackson,Male,39,Nurse,Berlin,105584,661
215,Emily,Allen,Female,32,Teacher,Stuttgart,33870,838
216,Laura,Hall,Male,45,Consultant,Berlin,108318,696
217,Linda,White,Male,43,Teacher,Stuttgart,56604,406
218,Kevin,Martin,Male,23,Software Developer,Stuttgart,131628,479
219,Thomas,Walker,Male,29,Teacher,Dresden,29847,600
220,James,Johnson,Male,23,Software Developer,Cologne,92552,707
221,Laura,Walker,Female,23,Manager,Cologne,71789,348
222,Robert,White,Male,44,Nurse,Leipzig,122426,750
223,William,Martin,Male,52,Consultant,Stuttgart,146151,831
224,Daniel,Brown,Female,26,Nurse,Hamburg,96496,600
225,Robert,Wilson,Male,41,Accountant,Cologne,83447,736
226,Olivia,Lewis,Female,49,Engineer,Stuttgart,105589,745
227,Daniel,Johnson,Male,63,Nurse,Stuttgart,92251,463
228,John,Taylor,Female,23,Doctor,Munich,55932,675
229,Linda,Garcia,Male,59,Doctor,Dresden,149364,679
230,Linda,Lewis,Male,57,Doctor,Stuttgart,77171,621
231,Daniel,Jackson,Male,22,Doctor,Dresden,92861,696
232,Laura,Wilson,Female,37,Consultant,Frankfurt,105199,592
233,Anna,Thomas,Male,29,Teacher,Dresden,47630,755
234,Michael,Martin,Female,25,Analyst,Cologne,141828,607
235,Olivia,Anderson,Female,53,Manager,Munich,51342,442
236,Emily,Walker,Male,44,Analyst,Stuttgart,86263,432
237,Lisa,Brown,Male,40,Nurse,Dresden,93903,720
238,Jessica,Allen,Male,29,Software Developer,Munich,83979,777
239,Christopher,Thompson,Male,56,Sales Executive,Hamburg,125634,432
240,Jessica,Hall,Male,28,Analyst,Hamburg,64862,468
241,Olivia,Martin,Male,43,Analyst,Cologne,135878,380
242,Daniel,Thomas,Female,29,Accountant,Munich,90873,472
243,Kevin,Allen,Male,31,Sales Executive,Stuttgart,135432,342
244,John,Brown,Male,62,Sales Executive,Cologne,110344,515
245,Kevin,Clark,Male,52,Analyst,Cologne,109136,609
246,Anna,Jackson,Female,40,Consultant,Munich,115257,361
247,Olivia,Lewis,Female,51,Consultant,Frankfurt,69589,447
248,Robert,Martin,Female,46,Doctor,Stuttgart,92499,408
249,Robert,Jackson,Female,28,Accountant,Dresden,57495,444
250,Sophia,Johnson,Female,45,Sales Executive,Leipzig,57541,463
251,Robert,Allen,Female,33,Doctor,Dresden,92466,778
252,Anna,Harris,Female,22,Teacher,Leipzig,91249,768
253,Emily,Thomas,Female,24,Engineer,Cologne,89866,781
254,Sarah,Young,Male,27,Nurse,Hamburg,140665,570
255,Linda,Garcia,Female,23,Nurse,Berlin,99747,499
256,Linda,Young,Female,25,Nurse,Dresden,125191,586
257,Lisa,King,Male,29,Teacher,Leipzig,73915,647
258,Laura,Thompson,Male,33,Sales Executive,Leipzig,90546,341
259,Emma,Johnson,Male,42,Consultant,Dresden,44521,827
260,David,Martin,Female,31,Nurse,Cologne,102820,644
261,Christopher,Hall,Female,57,Accountant,Dresden,131921,317
262,Linda,Martin,Male,47,Sales Executive,Cologne,129432,327
263,Lisa,Walker,Female,62,Sales Executive,Frankfurt,119555,352
264,Kevin,Walker,Male,54,Sales Executive,Leipzig,44369,548
265,Emma,Allen,Male,33,Engineer,Dresden,66116,728
266,David,Clark,Male,47,Analyst,Dresden,139401,363
267,David,Hall,Male,56,Software Developer,Dresden,93875,685
268,Robert,Anderson,Female,55,Software Developer,Stuttgart,113587,570
269,Lisa,Walker,Male,36,Accountant,Cologne,54473,604
270,Sarah,Thomas,Female,41,Consultant,Stuttgart,98464,580
271,Sarah,Wilson,Female,46,Software Developer,Hamburg,63070,343
272,Sarah,Brown,Female,49,Accountant,Dresden,53047,506
273,Laura,White,Female,29,Teacher,Frankfurt,56779,351
274,Christopher,Jackson,Male,24,Teacher,Leipzig,68292,783
275,Sophia,Taylor,Male,56,Doctor,Leipzig,110575,787
276,Anna,Thomas,Female,41,Accountant,Berlin,144005,391
277,Kevin,Jackson,Male,32,Nurse,Hamburg,147411,337
278,William,Walker,Male,39,Engineer,Berlin,64110,409
279,Robert,Harris,Female,62,Analyst,Dresden,141557,437
280,Christopher,Lewis,Female,33,Teacher,Stuttgart,46298,769
281,Daniel,Anderson,Male,42,Accountant,Frankfurt,48002,715
282,Jessica,Hall,Female,26,Nurse,Munich,49219,443
283,Anna,Martin,Male,21,Accountant,Leipzig,55870,757
284,Daniel,Martin,Female,58,Sales Executive,Berlin,59282,668
285,Emily,Johnson,Male,50,Accountant,Hamburg,78138,814
286,Sarah,Wilson,Female,44,Sales Executive,Frankfurt,53721,436
287,Anna,Taylor,Female,59,Software Developer,Leipzig,117004,782
288,Laura,Thomas,Male,64,Sales Executive,Munich,93879,757
289,Christopher,Thompson,Male,57,Teacher,Berlin,133629,817
290,James,Allen,Male,31,Software Developer,Dresden,40235,510
291,Kevin,Walker,Male,53,Consultant,Berlin,84432,435
292,Christopher,Clark,Female,57,Engineer,Dresden,113181,615
293,John,Garcia,Female,21,Manager,Munich,30936,733
294,Linda,Brown,Male,25,Consultant,Berlin,62629,718
295,Olivia,Taylor,Female,44,Nurse,Dresden,138982,686
296,William,Brown,Male,62,Software Developer,Munich,48392,850
297,William,Hall,Male,35,Engineer,Berlin,64107,774
298,Laura,Clark,Female,35,Manager,Dresden,70371,458
299,Daniel,Thomas,Male,23,Nurse,Berlin,56544,511
300,Michael,Wilson,Male,49,Sales Executive,Berlin,57077,345
301,William,Lewis,Male,55,Manager,Berlin,43367,815
302,Sarah,Jackson,Female,57,Sales Executive,Stuttgart,56051,609
303,David,Hall,Male,47,Accountant,Cologne,32989,479
304,Jessica,Young,Female,24,Software Developer,Leipzig,127996,837
305,Robert,Clark,Female,30,Accountant,Leipzig,49101,850
306,Anna,Jackson,Male,40,Doctor,Dresden,144896,359
307,Laura,Clark,Female,56,Analyst,Hamburg,75910,548
308,Daniel,Thomas,Female,62,Teacher,Dresden,136035,679
309,Michael,Young,Male,24,Accountant,Leipzig,113299,340
310,Michael,Thomas,Male,51,Manager,Stuttgart,64739,315
311,James,Thomas,Male,51,Manager,Frankfurt,76987,545
312,Laura,Martin,Female,45,Consultant,Stuttgart,65425,567
313,Linda,Hall,Female,50,Teacher,Dresden,124828,627
314,James,Thompson,Female,47,Engineer,Frankfurt,122157,449
315,John,White,Female,39,Doctor,Frankfurt,68236,535
316,William,Allen,Male,52,Analyst,Stuttgart,58728,800
317,Anna,Lewis,Male,43,Doctor,Hamburg,119412,800
318,Olivia,Young,Male,54,Engineer,Munich,148887,349
319,John,Clark,Male,61,Manager,Munich,117690,454
320,John,Thomas,Female,44,Engineer,Dresden,111413,799
321,John,Smith,Female,21,Engineer,Cologne,95220,593
322,John,Hall,Female,32,Teacher,Munich,93732,452
323,Emily,Thomas,Female,43,Accountant,Leipzig,35357,682
324,William,Lewis,Male,65,Manager,Cologne,114658,382
325,Emma,Brown,Female,45,Nurse,Dresden,32355,309
326,Olivia,Brown,Female,48,Software Developer,Munich,142282,840
327,Emma,Jackson,Male,65,Sales Executive,Dresden,60532,347
328,Michael,White,Male,32,Software Developer,Berlin,52152,447
329,William,Brown,Female,31,Sales Executive,Frankfurt,99277,698
330,Laura,Martin,Female,29,Teacher,Stuttgart,32038,400
331,Jessica,Jackson,Male,42,Sales Executive,Leipzig,126391,634
332,John,White,Female,52,Manager,Stuttgart,97487,684
333,Jessica,Anderson,Female,26,Sales Executive,Cologne,129602,552
334,Michael,Brown,Female,30,Nurse,Hamburg,121948,698
335,Robert,Thompson,Male,26,Engineer,Cologne,83292,668
336,Daniel,Wilson,Male,26,Doctor,Leipzig,83830,824
337,Jessica,Wilson,Male,26,Software Developer,Munich,103240,632
338,William,Smith,Female,47,Nurse,Munich,120006,548
339,Kevin,Hall,Male,64,Nurse,Hamburg,43198,575
340,Sarah,White,Female,30,Teacher,Hamburg,81973,582
341,Jessica,Harris,Female,25,Software Developer,Cologne,148761,552
342,Anna,King,Male,50,Teacher,Hamburg,64932,306
343,William,Martin,Female,42,Consultant,Stuttgart,81441,439
344,Sarah,Martin,Male,51,Software Developer,Hamburg,77198,626
345,Sarah,Walker,Male,41,Nurse,Cologne,132019,702
346,Linda,Wilson,Male,58,Analyst,Hamburg,114353,327
347,Thomas,Thomas,Female,39,Teacher,Leipzig,113208,811
348,David,Harris,Male,37,Doctor,Leipzig,128425,686
349,Michael,Lewis,Female,58,Nurse,Leipzig,96256,337
350,Linda,Young,Male,27,Manager,Stuttgart,46802,345
351,Kevin,Garcia,Female,48,Teacher,Berlin,37924,564
352,Emily,Hall,Male,49,Software Developer,Leipzig,85694,812
353,David,Thompson,Male,51,Teacher,Cologne,79522,387
354,Sophia,Taylor,Female,40,Software Developer,Dresden,127795,511
355,Christopher,Walker,Female,51,Teacher,Dresden,119633,763
356,Robert,Brown,Female,23,Teacher,Berlin,136303,651
357,Sophia,Anderson,Male,54,Doctor,Hamburg,68383,736
358,Thomas,Jackson,Female,61,Doctor,Hamburg,108948,742
359,William,Smith,Male,49,Sales Executive,Leipzig,75965,304
360,James,Thomas,Female,25,Sales Executive,Munich,129792,849
361,Olivia,Thompson,Female,33,Consultant,Munich,59387,801
362,Christopher,Martin,Female,60,Nurse,Munich,70603,660
363,Thomas,King,Male,64,Accountant,Munich,113094,437
364,Robert,Wilson,Male,40,Teacher,Hamburg,73929,444
365,Christopher,Garcia,Female,59,Doctor,Leipzig,80448,490
366,Anna,Young,Male,56,Doctor,Dresden,62858,443
367,Olivia,Martin,Female,60,Engineer,Stuttgart,149759,309
368,Anna,Taylor,Male,45,Analyst,Dresden,78626,803
369,Jessica,Lewis,Female,31,Teacher,Berlin,129317,525
370,Sarah,Johnson,Female,35,Analyst,Cologne,47047,768
371,Kevin,Walker,Male,57,Teacher,Cologne,126595,675
372,Laura,Johnson,Female,55,Manager,Leipzig,38423,553
373,Sarah,Johnson,Female,37,Software Developer,Munich,82549,420
374,Emily,Thomas,Female,60,Nurse,Hamburg,105760,442
375,James,Thomas,Male,57,Software Developer,Cologne,103231,472
376,Robert,Harris,Female,57,Accountant,Munich,42771,721
377,Emma,White,Male,65,Doctor,Frankfurt,44168,629
378,Emily,Garcia,Female,30,Sales Executive,Cologne,107288,724
379,William,Lewis,Male,61,Teacher,Leipzig,92582,584
380,Linda,Lewis,Female,41,Sales Executive,Berlin,138889,395
381,Thomas,Thompson,Male,55,Nurse,Frankfurt,81314,516
382,Anna,White,Female,39,Software Developer,Hamburg,99205,796
383,Robert,Johnson,Male,27,Consultant,Berlin,41284,461
384,Thomas,Lewis,Male,48,Manager,Hamburg,140624,609
385,Olivia,White,Male,62,Software Developer,Cologne,35803,680
386,Olivia,Johnson,Female,61,Accountant,Frankfurt,81260,393
387,Sophia,Smith,Male,51,Teacher,Hamburg,102814,531
388,Christopher,Lewis,Male,21,Software Developer,Munich,137766,732
389,David,Walker,Male,35,Nurse,Munich,120782,404
390,Sophia,Martin,Female,40,Doctor,Leipzig,126379,436
391,David,Brown,Male,60,Doctor,Dresden,71030,518
392,David,Clark,Female,34,Teacher,Munich,43351,426
393,Kevin,Garcia,Female,48,Software Developer,Hamburg,57477,583
394,Michael,Jackson,Female,65,Engineer,Cologne,51928,830
395,Lisa,Hall,Male,46,Accountant,Berlin,127734,545
396,Anna,Garcia,Male,36,Consultant,Munich,94243,312
397,Linda,Martin,Male,45,Sales Executive,Leipzig,72895,476
398,Anna,Brown,Male,58,Teacher,Berlin,59365,520
399,Emma,Johnson,Female,53,Accountant,Leipzig,80518,711
400,Michael,Young,Male,38,Teacher,Cologne,35357,823
401,James,Taylor,Female,46,Sales Executive,Munich,65654,747
402,Emily,Johnson,Male,26,Nurse,Munich,84424,356
403,Sarah,Anderson,Male,21,Doctor,Berlin,46473,808
404,Linda,Hall,Female,31,Software Developer,Hamburg,123274,575
405,Sophia,Smith,Female,48,Accountant,Munich,59465,378
406,Anna,Lewis,Female,24,Consultant,Hamburg,73193,461
407,Daniel,Wilson,Male,35,Analyst,Berlin,30772,312
408,Emily,Johnson,Female,44,Nurse,Hamburg,48456,336
409,Laura,Clark,Male,41,Manager,Leipzig,145042,627
410,Daniel,Brown,Female,28,Analyst,Berlin,48507,528
411,Christopher,Johnson,Female,25,Consultant,Cologne,126387,618
412,Robert,Brown,Female,21,Software Developer,Frankfurt,63219,611
413,Lisa,Jackson,Female,44,Sales Executive,Dresden,126267,500
414,Laura,Jackson,Male,21,Nurse,Berlin,55539,654
415,John,Martin,Male,63,Nurse,Cologne,38624,510
416,Christopher,Jackson,Female,52,Engineer,Hamburg,118277,586
417,Michael,Johnson,Male,54,Nurse,Stuttgart,85091,386
418,Kevin,Wilson,Male,61,Nurse,Munich,102580,363
419,Jessica,Taylor,Male,39,Accountant,Stuttgart,146378,702
420,Robert,Martin,Female,38,Manager,Munich,148673,507
421,David,Allen,Male,30,Teacher,Hamburg,83925,777
422,Robert,Clark,Male,55,Software Developer,Frankfurt,84233,615
423,Thomas,White,Male,26,Doctor,Cologne,133316,341
424,James,Martin,Male,26,Manager,Stuttgart,76936,825
425,Emma,Harris,Female,32,Engineer,Leipzig,137014,763
426,Laura,Young,Male,27,Consultant,Munich,130368,443
427,Sophia,Smith,Male,35,Doctor,Frankfurt,132960,710
428,Linda,Brown,Female,25,Engineer,Munich,50919,754
429,David,Brown,Female,28,Engineer,Dresden,31637,472
430,Kevin,Clark,Female,52,Engineer,Leipzig,114550,736
431,Olivia,Thompson,Male,32,Accountant,Cologne,83459,452
432,Emma,King,Male,62,Accountant,Dresden,79000,790
433,Emma,Brown,Female,45,Doctor,Leipzig,51143,838
434,Emily,Young,Male,45,Software Developer,Dresden,96371,796
435,Linda,Allen,Female,45,Accountant,Hamburg,28416,626
436,Lisa,Jackson,Male,38,Engineer,Dresden,94393,666
437,Kevin,Jackson,Male,27,Manager,Frankfurt,59934,846
438,Emma,Jackson,Female,43,Doctor,Hamburg,56005,625
439,Linda,Allen,Male,65,Software Developer,Hamburg,98807,492
440,Anna,Young,Female,32,Consultant,Berlin,36830,357
441,Emily,King,Male,22,Analyst,Dresden,25089,639
442,Lisa,Thomas,Male,42,Doctor,Stuttgart,32806,322
443,David,Allen,Male,28,Analyst,Stuttgart,34506,682
444,William,Allen,Male,42,Accountant,Stuttgart,42884,461
445,Jessica,Walker,Female,32,Analyst,Stuttgart,54260,479
446,William,Harris,Female,29,Doctor,Berlin,149359,700
447,Kevin,Johnson,Male,59,Software Developer,Frankfurt,108839,406
448,Anna,Taylor,Female,25,Manager,Stuttgart,66879,471
449,Michael,Martin,Female,21,Accountant,Frankfurt,57707,369
450,Linda,White,Male,21,Engineer,Leipzig,82438,729
451,Olivia,Clark,Female,45,Software Developer,Leipzig,38294,790
452,Kevin,Jackson,Male,49,Teacher,Berlin,63654,320
453,Robert,White,Male,25,Software Developer,Hamburg,141382,684
454,Olivia,Brown,Male,42,Sales Executive,Dresden,117340,331
455,Jessica,Anderson,Female,31,Engineer,Munich,68397,510
456,James,Clark,Female,63,Accountant,Cologne,56135,398
457,Emma,Garcia,Female,30,Engineer,Stuttgart,25500,737
458,Michael,Harris,Female,33,Teacher,Berlin,52125,474
459,Sarah,Brown,Female,28,Accountant,Leipzig,86727,800
460,Daniel,Brown,Female,32,Software Developer,Leipzig,73418,491
461,Thomas,Johnson,Female,49,Consultant,Cologne,54654,575
462,Kevin,Johnson,Male,65,Teacher,Munich,112574,652
463,Laura,Clark,Male,56,Engineer,Leipzig,132270,835
464,Jessica,Young,Female,57,Manager,Dresden,64171,380
465,William,Johnson,Male,28,Consultant,Hamburg,149395,471
466,James,Thomas,Male,23,Nurse,Munich,114538,745
467,James,Taylor,Female,41,Teacher,Munich,75868,706
468,Laura,Martin,Female,54,Consultant,Berlin,128094,835
469,Jessica,Wilson,Female,30,Doctor,Munich,146232,408
470,Kevin,Wilson,Female,55,Software Developer,Leipzig,59620,692
471,Anna,Allen,Female,23,Doctor,Cologne,77818,447
472,Lisa,King,Female,23,Nurse,Stuttgart,115507,543
473,Emma,Walker,Female,44,Engineer,Stuttgart,132136,610
474,Sarah,White,Female,65,Teacher,Frankfurt,42614,607
475,Thomas,Martin,Female,47,Sales Executive,Munich,49633,752
476,James,Clark,Female,54,Software Developer,Berlin,92537,462
477,Michael,Harris,Female,29,Analyst,Berlin,47772,497
478,James,Johnson,Male,23,Consultant,Berlin,145328,669
479,James,White,Female,50,Analyst,Leipzig,108284,426
480,John,Jackson,Female,52,Sales Executive,Dresden,48276,785
481,Kevin,Young,Female,43,Doctor,Cologne,123167,392
482,Sarah,Smith,Female,24,Doctor,Frankfurt,137343,526
483,Emily,Thomas,Female,62,Nurse,Berlin,138328,309
484,Anna,Taylor,Male,59,Engineer,Frankfurt,58081,612
485,Daniel,Clark,Female,43,Consultant,Cologne,53601,777
486,Sarah,Hall,Female,58,Teacher,Berlin,92045,683
487,Laura,King,Female,40,Teacher,Dresden,33367,644
488,Daniel,Martin,Female,37,Accountant,Frankfurt,44651,829
489,Emily,Johnson,Female,63,Software Developer,Hamburg,119540,326
490,Anna,Harris,Female,47,Nurse,Leipzig,121564,336
491,Kevin,Allen,Male,42,Manager,Dresden,143820,667
492,Christopher,Harris,Male,63,Analyst,Hamburg,63506,399
493,Anna,Taylor,Female,56,Doctor,Stuttgart,110778,391
494,Emily,Thompson,Male,40,Nurse,Stuttgart,73717,566
495,Kevin,Harris,Female,28,Consultant,Berlin,138559,372
496,Anna,Thomas,Male,64,Nurse,Cologne,79146,355
497,David,Taylor,Male,42,Nurse,Dresden,43772,623
498,Olivia,Brown,Female,42,Doctor,Stuttgart,108165,359
499,John,Lewis,Female,34,Doctor,Hamburg,89169,390
500,David,King,Female,61,Nurse,Leipzig,81233,788
501,William,Smith,Male,55,Manager,Stuttgart,149527,314
502,Robert,Hall,Male,22,Engineer,Frankfurt,54657,652
503,Sarah,Taylor,Male,45,Analyst,Cologne,46891,366
504,Emma,Harris,Female,50,Analyst,Stuttgart,81841,437
505,Robert,Walker,Female,33,Doctor,Leipzig,27506,533
506,Emily,Taylor,Male,22,Sales Executive,Hamburg,41143,675
507,Emma,Garcia,Female,55,Sales Executive,Berlin,102846,349
508,Sophia,Smith,Male,65,Teacher,Leipzig,83237,689
509,Sophia,Young,Female,51,Doctor,Frankfurt,116120,309
510,Sarah,Clark,Male,63,Analyst,Cologne,106631,440
511,Jessica,Wilson,Male,39,Teacher,Munich,90239,503
512,Lisa,Thomas,Female,54,Manager,Stuttgart,117200,719
513,Sarah,Anderson,Male,56,Consultant,Frankfurt,115204,792
514,Robert,Jackson,Male,21,Teacher,Munich,134475,805
515,David,Brown,Male,27,Accountant,Frankfurt,84867,603
516,Daniel,Lewis,Male,27,Doctor,Berlin,136705,597
517,Linda,Martin,Female,28,Teacher,Berlin,26267,441
518,Olivia,Martin,Female,49,Sales Executive,Cologne,140143,395
519,Linda,Martin,Male,28,Nurse,Leipzig,84839,578
520,William,Walker,Female,62,Doctor,Munich,42368,360
521,Olivia,Wilson,Female,58,Consultant,Dresden,48758,688
522,Linda,King,Male,64,Doctor,Dresden,145638,799
523,Sophia,Clark,Female,23,Teacher,Cologne,110848,621
524,John,Hall,Male,63,Software Developer,Munich,81734,554
525,Anna,Thompson,Female,30,Analyst,Berlin,26526,460
526,Christopher,Walker,Female,31,Teacher,Dresden,67026,546
527,Robert,White,Male,53,Manager,Leipzig,77858,540
528,Michael,Lewis,Female,57,Consultant,Munich,137274,810
529,Thomas,Martin,Male,52,Engineer,Munich,77879,722
530,Emma,Young,Male,26,Sales Executive,Cologne,141668,820
531,Laura,Thomas,Female,42,Software Developer,Berlin,132031,528
532,Thomas,Martin,Female,63,Software Developer,Dresden,39945,399
533,Emily,Smith,Female,43,Accountant,Stuttgart,117025,408
534,Emma,Anderson,Female,29,Nurse,Munich,58330,500
535,James,Wilson,Female,34,Consultant,Frankfurt,118950,646
536,Sophia,Clark,Male,61,Sales Executive,Munich,126206,761
537,Thomas,Allen,Male,52,Engineer,Berlin,97512,743
538,Kevin,Walker,Male,65,Sales Executive,Hamburg,120747,431
539,Sophia,Garcia,Female,53,Nurse,Leipzig,104822,554
540,Daniel,Garcia,Female,39,Consultant,Hamburg,43111,722
541,Lisa,Hall,Female,65,Analyst,Stuttgart,118306,522
542,James,Thomas,Female,64,Software Developer,Hamburg,118113,482
543,Christopher,Young,Female,28,Software Developer,Dresden,101389,727
544,Laura,Harris,Female,21,Analyst,Munich,28312,690
545,David,Johnson,Male,33,Accountant,Hamburg,62567,556
546,David,Johnson,Female,34,Analyst,Berlin,72013,763
547,Sophia,King,Male,62,Analyst,Leipzig,56142,823
548,Sarah,Johnson,Female,45,Nurse,Stuttgart,97368,355
549,John,White,Male,60,Consultant,Frankfurt,144470,676
550,Kevin,Young,Male,33,Accountant,Dresden,48255,376
551,Olivia,Anderson,Male,45,Engineer,Leipzig,61583,570
552,David,Anderson,Female,21,Software Developer,Dresden,118020,458
553,Emma,Taylor,Female,59,Engineer,Cologne,89297,666
554,Michael,Martin,Male,32,Analyst,Munich,128056,817
555,Olivia,Clark,Female,26,Software Developer,Frankfurt,140788,518
556,Robert,Martin,Female,39,Manager,Dresden,98575,309
557,Sophia,Thompson,Female,36,Sales Executive,Frankfurt,30226,628
558,William,Wilson,Female,37,Analyst,Cologne,28238,829
559,Linda,Hall,Female,52,Engineer,Cologne,142739,497
560,Robert,Hall,Male,27,Doctor,Berlin,107173,367
561,James,Thomas,Female,27,Manager,Leipzig,109746,373
562,David,Smith,Female,42,Engineer,Munich,34600,355
563,Olivia,White,Male,57,Manager,Cologne,78429,697
564,Thomas,Garcia,Female,41,Engineer,Leipzig,113250,421
565,Laura,Smith,Male,58,Engineer,Munich,71884,814
566,Sophia,Harris,Female,59,Teacher,Cologne,125306,748
567,William,Garcia,Male,51,Doctor,Frankfurt,42875,700
568,Laura,Harris,Male,40,Software Developer,Berlin,97551,444
569,Sophia,Johnson,Male,57,Sales Executive,Leipzig,95405,387
570,Sarah,Thomas,Female,34,Nurse,Hamburg,46096,488
571,Emily,King,Female,33,Teacher,Hamburg,112946,355
572,Laura,Lewis,Male,39,Teacher,Cologne,37871,502
573,Kevin,Walker,Female,43,Doctor,Frankfurt,38113,591
574,Lisa,Brown,Male,41,Consultant,Dresden,68036,613
575,Kevin,Taylor,Female,41,Nurse,Hamburg,25633,620
576,Emily,Jackson,Female,38,Software Developer,Hamburg,114073,639
577,Anna,Lewis,Female,43,Accountant,Dresden,97308,411
578,Olivia,King,Male,38,Doctor,Frankfurt,59502,378
579,Michael,Smith,Male,58,Sales Executive,Leipzig,125820,517
580,Emma,Young,Female,55,Analyst,Dresden,110709,452
581,Linda,Garcia,Male,58,Accountant,Hamburg,85909,813
582,Christopher,Brown,Female,44,Analyst,Berlin,111858,544
583,Lisa,Anderson,Male,49,Doctor,Hamburg,99233,449
584,Anna,Thompson,Male,35,Consultant,Frankfurt,33239,570
585,Linda,Jackson,Male,63,Manager,Stuttgart,75868,780
586,Thomas,Johnson,Male,62,Software Developer,Munich,117240,833
587,Daniel,White,Male,45,Nurse,Stuttgart,102028,379
588,Christopher,White,Female,35,Analyst,Leipzig,71255,653
589,Anna,Walker,Male,53,Doctor,Dresden,46706,535
590,Michael,Hall,Female,34,Doctor,Hamburg,45625,670
591,Lisa,Wilson,Male,47,Software Developer,Munich,88113,790
592,Anna,Thomas,Male,62,Nurse,Berlin,56938,344
593,David,Allen,Male,29,Analyst,Berlin,141758,450
594,Emma,Anderson,Female,32,Analyst,Leipzig,103558,319
595,Sarah,Brown,Male,49,Sales Executive,Dresden,138679,793
596,Olivia,Jackson,Female,59,Doctor,Hamburg,106685,823
597,Daniel,Anderson,Female,50,Sales Executive,Munich,55122,687
598,William,Taylor,Male,22,Manager,Leipzig,133332,453
599,Lisa,Wilson,Male,51,Sales Executive,Berlin,140048,844
600,Christopher,Wilson,Male,51,Doctor,Berlin,142567,741
601,Christopher,Clark,Female,23,Analyst,Leipzig,55079,793
602,William,Thompson,Male,48,Doctor,Cologne,87539,538
603,Michael,Harris,Female,37,Manager,Berlin,117949,307
604,Kevin,Hall,Male,54,Engineer,Leipzig,110792,510
605,Robert,Clark,Female,27,Doctor,Leipzig,110403,559
606,Daniel,Young,Female,57,Software Developer,Cologne,114208,706
607,James,Clark,Female,32,Software Developer,Dresden,58263,614
608,Kevin,Thompson,Female,29,Teacher,Frankfurt,83536,465
609,Sophia,Thomas,Female,42,Analyst,Berlin,46068,698
610,John,Brown,Male,51,Sales Executive,Leipzig,36552,365
611,Daniel,Jackson,Female,26,Sales Executive,Berlin,119960,693
612,William,King,Female,59,Engineer,Hamburg,108924,806
613,Thomas,Smith,Male,63,Analyst,Cologne,50525,334
614,Lisa,Hall,Male,60,Doctor,Berlin,72151,544
615,John,Anderson,Male,38,Nurse,Stuttgart,112773,704
616,William,Allen,Male,54,Engineer,Munich,145478,392
617,Laura,Harris,Female,43,Accountant,Frankfurt,104477,499
618,Thomas,Garcia,Male,37,Doctor,Leipzig,91353,409
619,Laura,Brown,Female,42,Teacher,Cologne,139833,850
620,Kevin,White,Female,45,Sales Executive,Dresden,125921,549
621,Robert,Lewis,Female,58,Engineer,Dresden,40239,564
622,Michael,Garcia,Male,64,Manager,Stuttgart,79057,661
623,Christopher,Young,Male,65,Accountant,Frankfurt,62655,395
624,William,Martin,Male,56,Doctor,Dresden,66139,662
625,James,Allen,Female,32,Manager,Dresden,121614,504
626,Emily,Jackson,Female,34,Manager,Frankfurt,134437,555
627,Lisa,Thompson,Male,27,Teacher,Munich,113580,804
628,Lisa,Smith,Male,51,Software Developer,Stuttgart,89532,581
629,Anna,Anderson,Female,46,Manager,Hamburg,32097,838
630,Jessica,Walker,Male,53,Software Developer,Leipzig,137774,478
631,Thomas,Wilson,Female,41,Engineer,Berlin,113356,515
632,William,Allen,Male,41,Software Developer,Cologne,49530,569
633,Emily,White,Female,60,Software Developer,Stuttgart,49105,810
634,Jessica,Thomas,Female,65,Software Developer,Stuttgart,136978,710
635,Daniel,Lewis,Male,57,Doctor,Frankfurt,131717,402
636,Daniel,Jackson,Female,45,Manager,Hamburg,129862,453
637,Anna,Smith,Male,47,Consultant,Hamburg,142082,829
638,Laura,Martin,Female,40,Accountant,Berlin,77219,401
639,Olivia,Johnson,Male,37,Consultant,Munich,83963,642
640,Daniel,Thompson,Female,56,Analyst,Cologne,70107,320
641,Jessica,Wilson,Female,64,Sales Executive,Frankfurt,100609,478
642,Sarah,Thompson,Female,64,Analyst,Dresden,126547,757
643,Michael,Garcia,Female,50,Doctor,Hamburg,108962,645
644,Jessica,King,Female,25,Teacher,Hamburg,70039,533
645,Robert,Martin,Female,38,Sales Executive,Leipzig,60553,755
646,Linda,Allen,Female,47,Doctor,Hamburg,136963,323
647,David,Jackson,Female,65,Teacher,Frankfurt,46877,706
648,Sophia,Wilson,Male,51,Analyst,Berlin,28455,706
649,Christopher,Brown,Male,37,Sales Executive,Hamburg,36050,699
650,Sarah,Jackson,Male,39,Consultant,Hamburg,42206,839
651,Olivia,Smith,Male,63,Software Developer,Stuttgart,138277,787
652,Thomas,Young,Female,56,Consultant,Hamburg,149319,481
653,Kevin,King,Female,61,Sales Executive,Leipzig,93610,846
654,Sarah,Thompson,Female,55,Manager,Munich,82915,615
655,Linda,Clark,Female,30,Accountant,Berlin,25012,835
656,David,Thompson,Female,51,Analyst,Berlin,115147,803
657,Anna,Harris,Male,48,Accountant,Frankfurt,129433,307
658,Laura,Thompson,Male,47,Analyst,Leipzig,76740,555
659,Olivia,Garcia,Female,35,Accountant,Munich,80343,545
660,Christopher,King,Female,39,Analyst,Cologne,79120,492
661,Michael,Anderson,Male,39,Teacher,Dresden,105967,763
662,Daniel,King,Female,33,Software Developer,Berlin,44942,350
663,Laura,Smith,Male,27,Accountant,Cologne,41389,748
664,John,Jackson,Male,30,Engineer,Dresden,53467,650
665,Jessica,Harris,Female,44,Consultant,Berlin,68286,382
666,David,Johnson,Female,46,Teacher,Dresden,48803,496
667,Daniel,Garcia,Male,28,Manager,Leipzig,126086,753
668,Emily,Johnson,Male,50,Teacher,Frankfurt,86974,698
669,Sarah,Martin,Male,61,Engineer,Munich,58202,792
670,Sarah,Thomas,Female,24,Manager,Munich,55928,744
671,Robert,Smith,Male,38,Sales Executive,Munich,76879,548
672,John,Johnson,Female,65,Sales Executive,Hamburg,73679,391
673,Emily,Anderson,Female,26,Sales Executive,Stuttgart,147008,361
674,Emma,Thompson,Male,65,Analyst,Munich,41492,799
675,Emily,Martin,Female,49,Manager,Berlin,115341,686
676,Linda,Taylor,Female,23,Consultant,Dresden,98272,601
677,Laura,Walker,Male,57,Doctor,Stuttgart,67425,779
678,Daniel,King,Male,25,Analyst,Hamburg,83901,602
679,Daniel,Young,Female,50,Engineer,Leipzig,121161,489
680,John,King,Female,60,Manager,Stuttgart,119503,364
681,Laura,Garcia,Male,54,Consultant,Hamburg,105352,589
682,Robert,Clark,Female,28,Teacher,Munich,30737,432
683,Olivia,Johnson,Male,27,Consultant,Frankfurt,37943,332
684,Kevin,Garcia,Female,54,Sales Executive,Cologne,31433,675
685,Emily,King,Male,21,Manager,Dresden,146687,381
686,Thomas,Johnson,Female,56,Nurse,Stuttgart,129103,359
687,Lisa,White,Male,25,Accountant,Munich,148811,521
688,Christopher,Wilson,Male,35,Analyst,Leipzig,49832,497
689,Christopher,Jackson,Male,56,Analyst,Leipzig,122793,408
690,Kevin,Thompson,Female,65,Nurse,Munich,46864,484
691,Laura,Garcia,Female,63,Doctor,Dresden,147358,660
692,Robert,Young,Female,44,Nurse,Leipzig,133285,631
693,Lisa,Jackson,Male,45,Analyst,Cologne,72187,763
694,Thomas,Garcia,Male,23,Accountant,Berlin,92844,438
695,Sarah,Smith,Female,35,Manager,Stuttgart,27844,582
696,Laura,Hall,Male,27,Engineer,Dresden,71616,459
697,David,White,Female,58,Manager,Frankfurt,58586,607
698,Michael,Allen,Female,57,Manager,Munich,119841,632
699,Anna,Anderson,Female,65,Sales Executive,Munich,103018,607
700,Emma,Allen,Female,26,Engineer,Stuttgart,70603,744
701,Jessica,Wilson,Male,62,Sales Executive,Berlin,108084,691
702,Emma,Harris,Male,41,Analyst,Hamburg,67838,814
703,Emily,Taylor,Male,64,Nurse,Dresden,123676,816
704,Michael,Jackson,Female,39,Nurse,Hamburg,42326,644
705,Michael,Walker,Male,56,Nurse,Cologne,36151,708
706,Christopher,Clark,Male,29,Consultant,Frankfurt,88944,704
707,Kevin,Thomas,Male,36,Teacher,Cologne,126813,740
708,Robert,Allen,Male,28,Nurse,Leipzig,72876,656
709,James,Martin,Female,59,Engineer,Cologne,47184,658
710,Lisa,Lewis,Male,49,Engineer,Frankfurt,51173,682
711,David,Brown,Male,24,Manager,Hamburg,138869,594
712,John,Martin,Male,40,Consultant,Dresden,27981,639
713,James,Young,Male,34,Analyst,Cologne,96932,794
714,Lisa,Taylor,Male,45,Sales Executive,Berlin,58483,474
715,Emma,Harris,Male,65,Sales Executive,Cologne,31957,776
716,John,Brown,Female,63,Accountant,Stuttgart,138283,410
717,John,Harris,Female,35,Nurse,Munich,143472,623
718,Anna,King,Male,32,Manager,Dresden,98490,322
719,Emma,Jackson,Female,42,Consultant,Leipzig,122568,460
720,John,Thompson,Female,43,Accountant,Frankfurt,90700,582
721,Emma,White,Female,22,Analyst,Cologne,54567,455
722,Robert,Garcia,Male,26,Nurse,Frankfurt,79700,546
723,Kevin,Taylor,Female,40,Sales Executive,Stuttgart,83873,434
724,James,Taylor,Male,29,Accountant,Hamburg,81369,448
725,Kevin,Anderson,Female,25,Analyst,Munich,49134,625
726,David,Smith,Female,47,Nurse,Cologne,83065,580
727,David,Thomas,Male,29,Doctor,Berlin,124935,573
728,Lisa,Allen,Male,59,Manager,Frankfurt,115095,326
729,Linda,Brown,Female,29,Analyst,Dresden,118325,682
730,Olivia,Garcia,Female,51,Doctor,Hamburg,50330,531
731,Emma,Clark,Male,38,Nurse,Frankfurt,122303,507
732,James,Brown,Male,49,Sales Executive,Dresden,115159,632
733,Thomas,Jackson,Female,46,Engineer,Leipzig,119398,620
734,William,King,Male,54,Teacher,Dresden,84886,343
735,Emily,Hall,Female,23,Analyst,Leipzig,92649,350
736,James,Harris,Female,46,Accountant,Cologne,85469,470
737,Jessica,Harris,Male,65,Analyst,Hamburg,85762,762
738,Michael,Hall,Male,32,Sales Executive,Hamburg,76520,723
739,Robert,Lewis,Male,32,Consultant,Frankfurt,140677,765
740,Michael,White,Female,65,Doctor,Munich,36952,416
741,Thomas,Thompson,Male,54,Nurse,Hamburg,74634,689
742,Emma,Anderson,Female,57,Doctor,Hamburg,138877,448
743,Olivia,Johnson,Female,40,Accountant,Dresden,62851,485
744,Sophia,Taylor,Male,21,Sales Executive,Cologne,26600,769
745,Anna,Walker,Male,59,Consultant,Frankfurt,53426,787
746,Thomas,Clark,Female,26,Sales Executive,Berlin,57075,584
747,Lisa,Young,Male,24,Doctor,Hamburg,32217,657
748,Emma,Taylor,Male,63,Sales Executive,Cologne,68399,389
749,Emma,Wilson,Female,32,Doctor,Cologne,105096,481
750,Thomas,Allen,Female,23,Teacher,Cologne,67312,677
751,William,Brown,Female,56,Teacher,Cologne,86710,437
752,Sophia,White,Female,54,Nurse,Frankfurt,116203,514
753,Lisa,Johnson,Male,57,Analyst,Munich,88394,594
754,Jessica,King,Female,37,Analyst,Stuttgart,146517,432
755,Lisa,Allen,Female,54,Consultant,Dresden,130903,484
756,Lisa,Jackson,Female,33,Engineer,Munich,28143,776
757,Sophia,Thomas,Female,47,Engineer,Stuttgart,70829,517
758,John,Thomas,Female,37,Teacher,Cologne,64358,818
759,Laura,Martin,Male,28,Software Developer,Stuttgart,76910,329
760,Olivia,Thomas,Female,42,Consultant,Dresden,129497,336
761,David,Walker,Male,61,Consultant,Stuttgart,85616,723
762,Emma,Hall,Female,57,Software Developer,Berlin,52297,639
763,Linda,Brown,Male,38,Engineer,Stuttgart,74183,847
764,Olivia,Allen,Female,32,Sales Executive,Munich,138324,615
765,Robert,Johnson,Female,47,Teacher,Dresden,139956,543
766,Linda,Lewis,Female,34,Analyst,Cologne,47939,414
767,Linda,Johnson,Male,26,Consultant,Berlin,129729,794
768,Christopher,Taylor,Male,42,Consultant,Cologne,126650,635
769,David,Wilson,Male,34,Engineer,Dresden,75801,834
770,Sophia,Smith,Female,23,Sales Executive,Munich,68684,778
771,Emma,Wilson,Female,22,Sales Executive,Cologne,108735,514
772,Robert,Thomas,Male,39,Accountant,Stuttgart,126290,751
773,Sophia,White,Male,31,Accountant,Munich,26999,826
774,Sophia,Thomas,Female,56,Software Developer,Cologne,43554,590
775,Kevin,Jackson,Male,25,Accountant,Stuttgart,95854,754
776,Emma,Taylor,Male,51,Engineer,Munich,75279,355
777,Michael,Clark,Female,32,Sales Executive,Dresden,105781,664
778,Sarah,Martin,Male,63,Analyst,Munich,145951,776
779,Kevin,Taylor,Male,65,Consultant,Munich,84714,617
780,Thomas,Walker,Male,35,Doctor,Cologne,144650,672
781,William,Anderson,Female,41,Consultant,Dresden,28966,366
782,Anna,Wilson,Female,51,Consultant,Hamburg,61996,656
783,Lisa,Allen,Male,53,Teacher,Leipzig,132158,409
784,Robert,Young,Male,40,Analyst,Dresden,77535,723
785,Emily,King,Male,56,Doctor,Dresden,75307,367
786,Robert,Thomas,Female,48,Sales Executive,Stuttgart,96372,541
787,Olivia,Brown,Female,28,Sales Executive,Dresden,67647,399
788,Thomas,Anderson,Female,46,Teacher,Munich,114850,688
789,Robert,Walker,Male,26,Manager,Hamburg,141295,300
790,David,Taylor,Female,55,Accountant,Leipzig,105684,757
791,James,Thomas,Female,40,Sales Executive,Cologne,145389,745
792,Linda,Brown,Male,60,Analyst,Leipzig,136101,430
793,Sarah,Johnson,Female,56,Engineer,Berlin,117190,667
794,Sophia,Harris,Male,36,Nurse,Leipzig,106948,625
795,William,Garcia,Female,48,Analyst,Frankfurt,111833,477
796,Anna,Taylor,Male,56,Nurse,Stuttgart,135095,727
797,David,Harris,Male,29,Engineer,Munich,109985,316
798,David,Walker,Female,29,Teacher,Hamburg,109180,725
799,Thomas,King,Female,60,Doctor,Dresden,91770,734
800,Laura,Lewis,Female,43,Manager,Hamburg,80675,307
801,Kevin,Walker,Male,53,Accountant,Leipzig,146446,675
802,Emma,Johnson,Female,44,Teacher,Dresden,115504,381
803,David,Hall,Female,50,Analyst,Munich,93597,390
804,Emily,Walker,Male,64,Analyst,Cologne,105352,354
805,Robert,Young,Male,51,Consultant,Dresden,100230,639
806,Jessica,Thompson,Female,39,Doctor,Berlin,116101,611
807,Kevin,White,Male,61,Consultant,Hamburg,100085,352
808,Sarah,King,Male,39,Consultant,Munich,41622,817
809,Michael,White,Female,29,Sales Executive,Cologne,61073,563
810,John,Wilson,Male,58,Doctor,Dresden,73466,479
811,Daniel,Jackson,Female,32,Analyst,Berlin,69937,386
812,David,King,Male,52,Nurse,Leipzig,56188,750
813,Olivia,Thomas,Female,24,Accountant,Munich,31884,471
814,Thomas,Garcia,Female,40,Consultant,Frankfurt,74781,699
815,Anna,White,Male,54,Nurse,Berlin,62852,759
816,William,Martin,Male,27,Analyst,Stuttgart,135656,742
817,Lisa,White,Female,38,Accountant,Munich,58468,700
818,Thomas,Jackson,Male,54,Software Developer,Hamburg,66060,310
819,John,Brown,Male,47,Teacher,Munich,114849,756
820,Linda,Jackson,Female,37,Manager,Berlin,28106,394
821,Emma,King,Male,59,Teacher,Munich,36322,433
822,William,Allen,Male,28,Doctor,Cologne,63609,778
823,Michael,Lewis,Female,48,Software Developer,Cologne,46229,375
824,Daniel,Johnson,Female,45,Software Developer,Berlin,58847,571
825,Olivia,Lewis,Male,52,Manager,Leipzig,48388,803
826,Sophia,Taylor,Female,34,Sales Executive,Munich,144617,752
827,Daniel,Wilson,Male,25,Teacher,Cologne,126874,756
828,John,Walker,Male,62,Engineer,Berlin,112111,699
829,Daniel,Taylor,Female,46,Sales Executive,Berlin,92552,802
830,Anna,Clark,Female,25,Analyst,Frankfurt,25433,693
831,Anna,Wilson,Female,42,Accountant,Leipzig,32234,392
832,Linda,Young,Female,26,Consultant,Cologne,109907,507
833,Olivia,Young,Male,45,Manager,Cologne,116210,699
834,Sophia,Thompson,Female,26,Consultant,Frankfurt,43342,336
835,James,Smith,Male,52,Nurse,Munich,128905,615
836,Anna,Young,Female,22,Engineer,Stuttgart,32347,645
837,Emma,Garcia,Male,34,Analyst,Dresden,148219,849
838,David,Allen,Male,25,Engineer,Hamburg,89080,319
839,Anna,King,Male,36,Doctor,Berlin,47577,351
840,Sarah,Wilson,Female,60,Doctor,Munich,132190,408
841,Sophia,Walker,Male,25,Manager,Leipzig,69216,711
842,Robert,Wilson,Male,41,Manager,Berlin,102736,477
843,Robert,Brown,Male,38,Doctor,Leipzig,47026,678
844,Laura,Anderson,Female,36,Sales Executive,Berlin,42481,402
845,Lisa,Garcia,Male,22,Consultant,Munich,25832,307
846,Olivia,Brown,Female,47,Consultant,Hamburg,52021,446
847,Daniel,Hall,Female,47,Manager,Hamburg,105024,338
848,Lisa,Anderson,Female,60,Teacher,Cologne,70593,728
849,John,Young,Male,33,Teacher,Munich,106123,670
850,Laura,Hall,Male,50,Manager,Cologne,31955,498
851,Sophia,Taylor,Female,52,Doctor,Hamburg,112836,344
852,Emma,Thompson,Female,34,Nurse,Cologne,68816,764
853,Emma,Wilson,Male,55,Doctor,Hamburg,127956,329
854,Anna,Hall,Male,25,Manager,Dresden,102687,633
855,Jessica,Thomas,Female,35,Teacher,Stuttgart,54855,400
856,Emily,Clark,Male,45,Manager,Munich,86733,796
857,Emma,Clark,Male,34,Sales Executive,Dresden,48338,696
858,Linda,Taylor,Female,33,Software Developer,Cologne,51504,643
859,David,Johnson,Male,38,Doctor,Munich,136627,776
860,Thomas,Clark,Male,42,Manager,Cologne,104119,460
861,Lisa,Anderson,Male,26,Nurse,Dresden,138010,521
862,Kevin,Walker,Female,38,Engineer,Leipzig,121492,552
863,Emily,Martin,Female,58,Manager,Hamburg,144767,305
864,Jessica,Johnson,Male,51,Analyst,Berlin,80797,843
865,William,Walker,Male,49,Consultant,Frankfurt,35890,312
866,Jessica,Thomas,Male,43,Accountant,Frankfurt,109887,392
867,John,Walker,Female,31,Consultant,Berlin,84616,774
868,David,Garcia,Male,44,Consultant,Berlin,137772,372
869,William,Martin,Male,39,Nurse,Cologne,116495,512
870,Michael,King,Female,24,Analyst,Stuttgart,141389,352
871,Sophia,Garcia,Female,50,Sales Executive,Berlin,72916,675
872,Olivia,Young,Male,56,Manager,Hamburg,68899,544
873,Laura,Wilson,Female,58,Manager,Frankfurt,67003,661
874,Daniel,Hall,Female,38,Engineer,Munich,73865,653
875,Thomas,Walker,Male,51,Analyst,Cologne,84241,676
876,Michael,Thomas,Female,26,Teacher,Leipzig,142695,483
877,Sarah,Brown,Male,31,Accountant,Munich,116367,451
878,Anna,Taylor,Male,54,Engineer,Cologne,79596,435
879,Anna,Thompson,Female,49,Engineer,Cologne,49780,364
880,John,Jackson,Female,47,Sales Executive,Stuttgart,110951,634
881,Anna,Allen,Female,50,Accountant,Hamburg,142739,613
882,Olivia,White,Male,51,Software Developer,Cologne,125892,348
883,David,Thompson,Female,50,Doctor,Hamburg,118298,848
884,Sarah,Anderson,Male,65,Doctor,Hamburg,56182,419
885,Emma,Martin,Male,49,Accountant,Stuttgart,49182,510
886,Laura,Johnson,Female,43,Doctor,Stuttgart,83776,466
887,Laura,Harris,Male,22,Nurse,Dresden,125731,448
888,Thomas,Martin,Male,21,Analyst,Stuttgart,109835,602
889,Anna,Harris,Male,57,Consultant,Stuttgart,115327,415
890,Anna,Johnson,Male,64,Analyst,Munich,65380,325
891,William,King,Male,49,Software Developer,Munich,67777,356
892,Lisa,Thomas,Male,38,Manager,Berlin,35956,756
893,Michael,Hall,Female,33,Consultant,Stuttgart,104058,823
894,Emma,Thompson,Female,30,Nurse,Stuttgart,75608,681
895,John,Harris,Female,43,Accountant,Dresden,139596,389
896,James,Lewis,Female,49,Accountant,Hamburg,130601,734
897,Jessica,Taylor,Male,30,Manager,Cologne,87208,837
898,Robert,Brown,Female,26,Engineer,Leipzig,108729,579
899,Jessica,Anderson,Female,57,Doctor,Frankfurt,49380,690
900,Sarah,Young,Female,23,Accountant,Cologne,89762,774
901,Emily,Smith,Male,30,Accountant,Cologne,108958,783
902,Sophia,Harris,Female,32,Consultant,Frankfurt,28728,422
903,Daniel,Walker,Male,59,Software Developer,Dresden,99130,746
904,Daniel,Walker,Male,44,Analyst,Berlin,135792,565
905,Olivia,Allen,Male,30,Software Developer,Dresden,140122,438
906,Linda,Anderson,Male,38,Software Developer,Leipzig,108394,664
907,Emma,Harris,Female,54,Teacher,Frankfurt,125459,487
908,Sophia,King,Male,55,Software Developer,Stuttgart,133373,608
909,Daniel,Thompson,Male,55,Sales Executive,Stuttgart,132913,447
910,John,Taylor,Female,44,Consultant,Leipzig,69605,466
911,Sophia,Thomas,Male,53,Manager,Frankfurt,129216,838
912,Laura,Young,Male,47,Consultant,Munich,40278,434
913,John,Walker,Female,40,Software Developer,Hamburg,132090,752
914,Lisa,Hall,Female,32,Accountant,Berlin,122577,421
915,Emily,Taylor,Male,65,Manager,Cologne,41429,514
916,David,Brown,Female,65,Teacher,Munich,27464,795
917,Jessica,Johnson,Male,27,Engineer,Berlin,86483,421
918,Daniel,Johnson,Male,40,Engineer,Munich,127546,426
919,Lisa,Thomas,Male,32,Software Developer,Berlin,36898,449
920,Daniel,Allen,Female,43,Doctor,Frankfurt,91179,369
921,Sophia,Allen,Male,54,Manager,Frankfurt,61943,475
922,Laura,Smith,Male,34,Analyst,Dresden,73033,489
923,Thomas,Wilson,Male,43,Nurse,Leipzig,53085,826
924,Emily,Clark,Male,41,Teacher,Dresden,39459,832
925,David,Walker,Female,39,Analyst,Berlin,35780,635
926,Anna,Wilson,Female,39,Consultant,Cologne,115052,754
927,Emily,Young,Female,39,Nurse,Frankfurt,137299,371
928,Anna,Thompson,Male,21,Consultant,Munich,76952,748
929,Christopher,Brown,Male,30,Nurse,Leipzig,116099,404
930,Olivia,Brown,Female,33,Software Developer,Frankfurt,102982,713
931,Sophia,Jackson,Female,52,Accountant,Cologne,124130,709
932,Linda,Walker,Female,52,Analyst,Cologne,44316,765
933,Sophia,Wilson,Female,52,Consultant,Frankfurt,107361,437
934,John,Wilson,Male,25,Consultant,Berlin,48474,691
935,Lisa,Martin,Male,40,Sales Executive,Munich,124637,378
936,Christopher,Walker,Female,33,Accountant,Dresden,89258,816
937,Daniel,Young,Female,55,Analyst,Berlin,149856,332
938,Jessica,Wilson,Female,49,Software Developer,Leipzig,83006,770
939,Emma,Johnson,Male,56,Accountant,Hamburg,89419,741
940,David,Harris,Female,52,Teacher,Dresden,111517,781
941,Anna,Young,Male,53,Engineer,Leipzig,59523,806
942,Kevin,Garcia,Female,39,Software Developer,Berlin,28689,346
943,David,Thompson,Female,58,Engineer,Stuttgart,74882,399
944,Jessica,Thompson,Female,47,Software Developer,Berlin,111670,550
945,Emily,Jackson,Female,58,Teacher,Munich,138893,612
946,Sophia,Martin,Male,22,Analyst,Stuttgart,29899,771
947,Jessica,Allen,Female,38,Engineer,Dresden,102068,322
948,Robert,Garcia,Female,41,Sales Executive,Munich,130948,800
949,Sophia,Thomas,Female,52,Analyst,Stuttgart,46840,606
950,Linda,Clark,Male,52,Teacher,Frankfurt,62664,571
951,Emma,Harris,Female,35,Sales Executive,Munich,119071,397
952,Kevin,Martin,Female,25,Sales Executive,Dresden,80981,514
953,Linda,Brown,Female,53,Accountant,Leipzig,111960,620
954,James,Clark,Female,37,Sales Executive,Dresden,113022,484
955,John,Hall,Male,57,Consultant,Frankfurt,111613,778
956,Daniel,Young,Female,57,Engineer,Frankfurt,72746,773
957,David,Jackson,Male,64,Accountant,Leipzig,78773,626
958,Michael,Thomas,Female,38,Accountant,Hamburg,58612,541
959,William,Jackson,Male,30,Manager,Berlin,57189,617
960,Thomas,Walker,Female,48,Engineer,Frankfurt,45887,579
961,David,Smith,Female,38,Analyst,Hamburg,109448,343
962,Anna,Smith,Male,26,Software Developer,Cologne,138661,365
963,Jessica,Thompson,Male,46,Doctor,Frankfurt,39671,812
964,Sophia,Hall,Female,52,Teacher,Frankfurt,103619,425
965,Robert,Martin,Female,36,Nurse,Frankfurt,43910,409
966,Olivia,Thomas,Female,49,Nurse,Cologne,138102,357
967,Anna,Young,Female,65,Teacher,Stuttgart,96531,733
968,Anna,Jackson,Female,30,Software Developer,Dresden,118804,676
969,Sarah,Smith,Male,63,Engineer,Frankfurt,58158,693
970,Sarah,Thompson,Male,55,Manager,Dresden,75917,308
971,William,White,Female,26,Manager,Cologne,52575,464
972,Thomas,Martin,Female,23,Accountant,Munich,132898,803
973,Anna,Clark,Female,48,Teacher,Hamburg,116551,567
974,Christopher,Brown,Female,47,Sales Executive,Stuttgart,84409,328
975,Emma,Anderson,Female,62,Doctor,Berlin,77515,504
976,Sarah,Martin,Male,28,Doctor,Frankfurt,92681,433
977,Lisa,Clark,Female,49,Consultant,Hamburg,59167,477
978,Kevin,Martin,Female,33,Teacher,Leipzig,73182,486
979,William,Garcia,Male,22,Engineer,Frankfurt,143861,391
980,Thomas,Thomas,Female,65,Doctor,Berlin,77564,739
981,Lisa,White,Male,26,Software Developer,Hamburg,149157,420
982,John,Hall,Female,50,Consultant,Munich,54423,508
983,James,White,Female,52,Nurse,Hamburg,81532,511
984,Lisa,Thomas,Female,64,Manager,Leipzig,48641,718
985,David,Smith,Female,37,Manager,Dresden,143925,554
986,Linda,Allen,Female,26,Engineer,Dresden,42459,631
987,William,Thomas,Female,48,Sales Executive,Cologne,34575,397
988,Laura,Johnson,Male,42,Manager,Dresden,144043,662
989,Lisa,King,Male,21,Accountant,Leipzig,64650,704
990,Linda,Taylor,Male,58,Doctor,Cologne,47264,815
991,Anna,Martin,Female,29,Teacher,Stuttgart,118094,843
992,Jessica,Taylor,Female,28,Software Developer,Berlin,41760,811
993,Daniel,Thompson,Female,39,Accountant,Cologne,92760,620
994,Jessica,Anderson,Female,52,Doctor,Dresden,31975,493
995,David,Johnson,Male,32,Engineer,Dresden,59108,467
996,Thomas,Clark,Male,52,Engineer,Dresden,71729,796
997,Thomas,Walker,Male,30,Teacher,Stuttgart,37265,508
998,Sarah,Anderson,Male,53,Accountant,Frankfurt,101486,304
999,Christopher,Allen,Male,47,Teacher,Frankfurt,125696,810
1000,Sophia,Martin,Male,39,Teacher,Leipzig,73963,408
