LoanID,CustomerID,LoanType,LoanAmount,InterestRate,LoanTermMonths,LoanStatus,ApprovalDate
1,1,Personal Loan,15077,3.2,60,Closed,11/7/2023
2,2,Education Loan,69513,7.4,36,Active,1/6/2022
3,3,Personal Loan,7873,7.59,60,Active,1/20/2024
4,4,Business Loan,83900,4.48,12,Closed,10/17/2022
5,5,Personal Loan,8639,8.21,120,Default,1/26/2023
6,6,Home Loan,289116,4.79,24,Default,6/5/2024
7,7,Education Loan,21690,3.14,24,Active,3/9/2024
8,8,Education Loan,47347,7.53,180,Active,11/2/2022
9,9,Education Loan,66670,8.15,36,Default,9/10/2023
10,10,Car Loan,33530,7.66,240,Active,7/24/2022
11,11,Education Loan,68385,9.2,60,Active,9/7/2023
12,12,Education Loan,21825,8.3,240,Active,7/10/2022
13,13,Education Loan,65838,3.65,120,Active,4/20/2023
14,14,Car Loan,52441,7.8,24,Default,6/24/2023
15,15,Business Loan,72012,5.03,60,Active,3/31/2024
16,16,Education Loan,49373,4.04,24,Active,11/4/2022
17,17,Car Loan,44281,5.99,120,Active,3/20/2022
18,18,Home Loan,349177,3.75,60,Active,4/21/2023
19,19,Business Loan,263077,4.77,36,Active,2/27/2024
20,20,Business Loan,54264,3.8,180,Active,3/16/2024
21,21,Car Loan,35752,3.32,60,Closed,11/1/2022
22,22,Personal Loan,43483,8.07,240,Active,10/1/2023
23,23,Personal Loan,27369,9.77,240,Closed,8/5/2022
24,24,Car Loan,15126,8.23,120,Active,11/21/2023
25,25,Home Loan,307435,6.74,12,Active,1/14/2022
26,26,Car Loan,52978,6.34,180,Active,11/5/2023
27,27,Business Loan,240293,6.41,120,Closed,9/24/2023
28,28,Personal Loan,49158,9.74,180,Active,11/6/2022
29,29,Home Loan,145582,3.95,24,Active,1/17/2022
30,30,Car Loan,11757,4.46,180,Active,9/5/2022
31,31,Education Loan,35023,3.6,240,Active,5/1/2023
32,32,Education Loan,12859,3.82,24,Closed,4/1/2023
33,33,Education Loan,71799,3.14,60,Active,7/26/2022
34,34,Personal Loan,42318,8.81,60,Active,1/9/2022
35,35,Home Loan,410516,8.93,60,Default,5/18/2024
36,36,Education Loan,48112,3.26,60,Active,8/29/2023
37,37,Business Loan,295178,7.75,240,Closed,8/26/2022
38,38,Home Loan,356985,3.13,120,Active,3/7/2022
39,39,Personal Loan,47487,5.92,60,Active,9/30/2023
40,40,Personal Loan,34381,7.88,12,Active,1/14/2024
41,41,Car Loan,40752,5.41,24,Active,8/25/2023
42,42,Personal Loan,44459,8.97,180,Active,5/15/2022
43,43,Personal Loan,30583,9.72,240,Default,10/31/2023
44,44,Personal Loan,35954,8.6,240,Active,8/1/2022
45,45,Personal Loan,10648,7.67,24,Active,6/10/2022
46,46,Business Loan,179023,3.71,60,Default,5/21/2023
47,47,Personal Loan,20382,4.47,12,Default,1/3/2023
48,48,Personal Loan,28399,7.74,24,Closed,7/4/2024
49,49,Business Loan,58380,8.65,36,Active,9/25/2023
50,50,Car Loan,17909,6.93,60,Active,12/15/2022
51,51,Personal Loan,8058,8.39,120,Active,6/4/2022
52,52,Business Loan,208410,7.69,180,Active,8/26/2024
53,53,Education Loan,69917,9.74,240,Active,4/19/2022
54,54,Business Loan,209817,8.48,12,Closed,2/12/2022
55,55,Business Loan,77632,4.17,12,Closed,7/21/2024
56,56,Personal Loan,15291,8.1,180,Active,6/3/2023
57,57,Education Loan,23014,4.08,36,Active,5/22/2022
58,58,Home Loan,185848,6.07,60,Closed,1/7/2022
59,59,Car Loan,41042,5.39,120,Active,9/30/2022
60,60,Personal Loan,32198,5.52,180,Active,2/11/2024
61,61,Business Loan,160551,8.51,24,Closed,2/28/2023
62,62,Education Loan,70129,9.66,120,Closed,1/6/2023
63,63,Home Loan,312038,4.02,12,Closed,6/14/2023
64,64,Home Loan,124448,5.37,60,Default,6/18/2022
65,65,Education Loan,18056,5.75,12,Active,10/19/2023
66,66,Car Loan,47654,3.4,180,Default,3/29/2024
67,67,Business Loan,127522,5.94,180,Closed,6/13/2024
68,68,Personal Loan,25558,9.36,12,Closed,7/10/2024
69,69,Business Loan,210012,9.44,180,Active,10/22/2023
70,70,Car Loan,45679,7.37,120,Active,12/16/2023
71,71,Personal Loan,47516,5.83,24,Closed,3/28/2022
72,72,Home Loan,361769,5.34,180,Closed,6/19/2024
73,73,Car Loan,44109,9.94,36,Active,6/8/2023
74,74,Business Loan,131855,6.65,240,Active,1/24/2022
75,75,Home Loan,497647,6.78,36,Active,3/3/2024
76,76,Personal Loan,32705,9.91,12,Closed,5/11/2024
77,77,Personal Loan,22023,7.39,36,Active,2/14/2024
78,78,Home Loan,315267,5.09,180,Active,12/14/2022
79,79,Car Loan,58874,9.92,120,Closed,8/18/2024
80,80,Business Loan,271379,7.17,36,Active,11/14/2023
81,81,Business Loan,226274,3.98,60,Active,9/11/2022
82,82,Home Loan,251886,6.62,24,Closed,1/5/2023
83,83,Education Loan,22843,4.03,60,Closed,3/25/2022
84,84,Home Loan,112607,5.97,24,Active,4/2/2023
85,85,Home Loan,273616,7.74,60,Active,6/16/2023
86,86,Education Loan,44562,7.09,180,Active,3/27/2023
87,87,Education Loan,64646,8.77,24,Active,5/12/2023
88,88,Education Loan,26958,9.78,120,Closed,5/1/2022
89,89,Car Loan,39847,6.31,180,Active,7/27/2023
90,90,Personal Loan,12783,7.21,60,Active,1/14/2023
91,91,Business Loan,125914,3.28,24,Active,11/9/2022
92,92,Personal Loan,24874,5.06,12,Closed,5/26/2022
93,93,Business Loan,160561,3.34,36,Closed,8/9/2022
94,94,Car Loan,58474,6.42,12,Active,3/11/2022
95,95,Home Loan,298929,6.37,36,Active,7/10/2024
96,96,Personal Loan,29727,6.33,180,Closed,5/16/2022
97,97,Car Loan,43080,7.46,240,Active,4/5/2023
98,98,Car Loan,57701,5.28,240,Active,10/1/2023
99,99,Education Loan,60755,4.63,60,Active,2/16/2022
100,100,Education Loan,46356,7.52,240,Active,1/26/2022
101,101,Business Loan,215179,8.57,180,Active,10/23/2023
102,102,Home Loan,417596,6.92,24,Default,7/9/2023
103,103,Business Loan,248604,3.37,120,Active,2/8/2024
104,104,Education Loan,75881,9.28,12,Active,6/29/2023
105,105,Car Loan,11243,4.92,24,Active,12/24/2023
106,106,Business Loan,166452,3.59,120,Active,2/16/2023
107,107,Business Loan,61792,6.44,12,Active,7/4/2022
108,108,Education Loan,13153,9.02,36,Active,4/4/2022
109,109,Home Loan,132079,6.79,36,Active,9/19/2022
110,110,Home Loan,160859,5.15,60,Active,3/2/2022
111,111,Business Loan,135273,4.27,180,Active,2/4/2023
112,112,Home Loan,247793,4,36,Active,8/22/2024
113,113,Home Loan,107199,4.42,240,Active,8/31/2022
114,114,Education Loan,76666,8.27,60,Default,10/3/2022
115,115,Home Loan,246899,6.25,60,Active,1/30/2022
116,116,Education Loan,40636,9.4,12,Active,9/13/2024
117,117,Business Loan,226972,3.71,240,Active,3/15/2024
118,118,Car Loan,29963,6.98,60,Active,10/14/2023
119,119,Business Loan,103335,8.48,24,Active,6/22/2022
120,120,Car Loan,45227,9.67,120,Active,1/2/2022
121,121,Education Loan,47912,7.57,24,Active,8/13/2024
122,122,Education Loan,45822,7.19,240,Active,12/26/2022
123,123,Car Loan,48348,8.88,36,Active,1/27/2024
124,124,Business Loan,197608,3.49,12,Active,5/6/2022
125,125,Car Loan,57518,6.9,36,Closed,8/4/2022
126,126,Business Loan,182335,9.7,36,Closed,8/26/2024
127,127,Personal Loan,46626,4.83,240,Closed,10/7/2022
128,128,Car Loan,53402,9.88,36,Active,9/9/2024
129,129,Business Loan,136103,3.11,180,Active,8/2/2024
130,130,Home Loan,399179,6.34,12,Active,2/28/2023
131,131,Business Loan,284689,7.88,60,Closed,7/6/2023
132,132,Home Loan,492774,9.14,180,Active,2/1/2022
133,133,Education Loan,26176,5.47,240,Active,9/8/2023
134,134,Personal Loan,30346,4.24,240,Closed,1/9/2022
135,135,Home Loan,322584,5.59,24,Active,8/15/2022
136,136,Home Loan,477631,4.97,180,Active,4/3/2022
137,137,Business Loan,213902,5.12,180,Active,5/21/2023
138,138,Personal Loan,7411,4.97,180,Closed,8/3/2022
139,139,Home Loan,182805,9.89,180,Active,6/9/2024
140,140,Personal Loan,42296,6.5,24,Active,11/7/2023
141,141,Business Loan,226206,7.78,120,Active,8/26/2023
142,142,Car Loan,58888,3.46,36,Default,5/26/2024
143,143,Car Loan,44280,8.1,36,Active,11/26/2023
144,144,Home Loan,443324,7.74,120,Active,7/28/2023
145,145,Education Loan,10256,9.57,180,Active,10/28/2023
146,146,Home Loan,249344,6.03,60,Active,11/28/2023
147,147,Business Loan,172312,6.47,120,Closed,6/24/2024
148,148,Car Loan,13077,4.95,60,Active,11/20/2022
149,149,Home Loan,285446,4.36,12,Closed,4/7/2024
150,150,Home Loan,466633,4.58,180,Active,3/18/2022
151,151,Car Loan,22902,4.15,36,Active,10/3/2023
152,152,Home Loan,94613,6.36,240,Active,3/27/2024
153,153,Personal Loan,21410,4.73,60,Active,12/15/2022
154,154,Home Loan,254896,6.64,24,Default,3/5/2024
155,155,Business Loan,212415,6.07,12,Active,8/16/2023
156,156,Home Loan,124844,9.82,12,Active,6/30/2024
157,157,Home Loan,490332,3.89,240,Active,11/5/2022
158,158,Business Loan,214150,6.02,12,Active,7/27/2023
159,159,Home Loan,234621,8.95,60,Active,2/10/2024
160,160,Education Loan,40554,9.05,240,Active,1/11/2022
161,161,Education Loan,60321,6.25,60,Closed,9/27/2023
162,162,Home Loan,258056,7.56,180,Closed,4/10/2023
163,163,Business Loan,136034,7.11,12,Active,9/2/2023
164,164,Home Loan,390843,8.53,24,Default,5/10/2022
165,165,Business Loan,117183,5.49,60,Closed,4/1/2023
166,166,Car Loan,25935,3.96,12,Active,11/16/2022
167,167,Business Loan,164254,6.59,180,Closed,11/15/2022
168,168,Business Loan,282055,6.79,24,Active,11/13/2022
169,169,Business Loan,139889,5.04,12,Active,11/5/2023
170,170,Car Loan,13756,4.66,240,Closed,5/29/2024
171,171,Home Loan,301281,5.41,24,Active,7/26/2022
172,172,Home Loan,259071,4.33,60,Active,4/24/2023
173,173,Business Loan,231512,5.32,120,Active,12/10/2022
174,174,Business Loan,128546,5.93,24,Active,6/16/2024
175,175,Home Loan,340010,4.54,12,Active,12/11/2023
176,176,Car Loan,40574,7.37,24,Active,2/26/2024
177,177,Personal Loan,29635,4.44,24,Closed,1/7/2022
178,178,Personal Loan,5648,3.52,12,Active,5/26/2022
179,179,Personal Loan,33862,4.36,120,Default,1/4/2023
180,180,Home Loan,95563,4.39,36,Active,6/25/2024
181,181,Personal Loan,16421,5.38,120,Active,7/20/2022
182,182,Home Loan,172315,8.9,12,Active,11/25/2023
183,183,Car Loan,34833,7.58,12,Active,8/4/2022
184,184,Personal Loan,34897,4.68,240,Active,6/25/2022
185,185,Business Loan,259459,9.98,60,Closed,3/8/2022
186,186,Home Loan,155724,9.18,24,Closed,7/16/2022
187,187,Business Loan,149141,7.86,36,Active,9/27/2024
188,188,Car Loan,13027,8.34,120,Active,7/3/2023
189,189,Personal Loan,14736,5.29,12,Active,10/14/2022
190,190,Car Loan,43309,9.78,60,Active,3/25/2022
191,191,Education Loan,18503,4.17,60,Closed,10/23/2023
192,192,Business Loan,148111,6.49,60,Active,12/31/2023
193,193,Personal Loan,39437,7.86,180,Default,5/1/2023
194,194,Personal Loan,43088,5.81,240,Active,2/7/2022
195,195,Car Loan,24386,9.26,60,Closed,2/10/2023
196,196,Car Loan,30053,5.98,60,Active,8/15/2024
197,197,Personal Loan,21680,6.85,24,Closed,10/30/2022
198,198,Education Loan,78002,5.46,120,Active,6/9/2023
199,199,Business Loan,138178,5.98,60,Active,1/12/2023
200,200,Education Loan,51552,4.91,12,Active,8/28/2022
201,201,Personal Loan,47293,3.53,12,Active,5/29/2023
202,202,Business Loan,193301,7.51,240,Active,8/22/2022
203,203,Home Loan,142174,3.5,12,Active,12/8/2022
204,204,Car Loan,54243,5.3,36,Closed,2/26/2024
205,205,Personal Loan,17493,7.94,24,Default,2/10/2024
206,206,Business Loan,289175,4.83,240,Active,4/22/2024
207,207,Personal Loan,31464,9.62,240,Active,11/3/2023
208,208,Home Loan,327466,7.58,240,Default,6/5/2024
209,209,Education Loan,39829,4.59,180,Active,8/28/2022
210,210,Business Loan,203879,8.5,240,Active,4/13/2024
211,211,Education Loan,54650,8.54,36,Closed,3/16/2023
212,212,Education Loan,37470,6.07,240,Active,1/19/2023
213,213,Car Loan,47847,9.12,36,Default,1/10/2022
214,214,Education Loan,56486,5.38,60,Active,2/10/2024
215,215,Education Loan,49274,5.28,12,Active,2/2/2022
216,216,Car Loan,20072,9.84,36,Active,3/29/2024
217,217,Business Loan,289534,7.25,240,Active,1/26/2023
218,218,Car Loan,35600,3.45,60,Active,4/22/2022
219,219,Personal Loan,42323,9.73,180,Closed,4/6/2022
220,220,Car Loan,16836,7.72,24,Active,12/7/2023
221,221,Business Loan,178087,3.19,24,Active,9/13/2024
222,222,Education Loan,47200,4.44,36,Active,3/13/2022
223,223,Education Loan,17530,5.58,12,Active,5/30/2024
224,224,Education Loan,61262,4.1,12,Active,3/5/2023
225,225,Education Loan,19012,5.72,240,Active,6/10/2024
226,226,Car Loan,30300,6.03,180,Active,6/12/2022
227,227,Business Loan,200756,9.57,120,Active,1/4/2024
228,228,Education Loan,46102,4.41,24,Active,4/24/2024
229,229,Education Loan,42353,6.68,120,Closed,4/17/2023
230,230,Education Loan,15122,8.16,36,Active,7/29/2024
231,231,Education Loan,55453,7.9,180,Closed,2/5/2023
232,232,Business Loan,265857,8.67,24,Active,7/3/2022
233,233,Business Loan,242215,6.02,60,Default,7/7/2022
234,234,Business Loan,75043,5.75,12,Active,6/10/2024
235,235,Car Loan,27942,9.18,120,Active,7/27/2024
236,236,Home Loan,445976,8.09,24,Default,2/26/2023
237,237,Business Loan,81779,9.97,12,Closed,6/1/2023
238,238,Personal Loan,31876,6.16,36,Active,2/15/2022
239,239,Education Loan,13501,3.51,180,Active,4/18/2023
240,240,Education Loan,55043,8.22,240,Active,2/8/2022
241,241,Home Loan,211389,3.8,24,Active,2/6/2024
242,242,Education Loan,73538,6.23,12,Active,9/6/2022
243,243,Education Loan,28383,6.3,36,Closed,6/24/2022
244,244,Home Loan,398236,3.7,36,Active,1/30/2024
245,245,Education Loan,32079,3.54,240,Active,10/7/2022
246,246,Car Loan,38878,5.51,24,Closed,7/3/2024
247,247,Business Loan,106666,6.09,12,Closed,4/10/2024
248,248,Business Loan,218037,7.64,180,Closed,2/4/2023
249,249,Personal Loan,34097,3.37,12,Active,1/22/2023
250,250,Car Loan,26364,5.62,24,Active,1/17/2022
251,251,Education Loan,13662,9.93,36,Closed,11/28/2023
252,252,Home Loan,195641,9.71,12,Closed,4/30/2024
253,253,Car Loan,57448,4.17,60,Active,4/15/2024
254,254,Personal Loan,26147,6.93,24,Active,8/14/2024
255,255,Business Loan,153563,9.57,12,Active,4/19/2022
256,256,Personal Loan,26192,4.22,60,Active,1/13/2022
257,257,Education Loan,37887,6.21,12,Active,10/13/2022
258,258,Business Loan,146725,3.31,24,Active,2/25/2024
259,259,Business Loan,180960,9.88,12,Closed,3/21/2024
260,260,Business Loan,94946,4.76,12,Active,10/9/2023
261,261,Education Loan,27423,5.32,180,Closed,12/6/2023
262,262,Personal Loan,48671,6.37,36,Active,7/22/2024
263,263,Business Loan,167679,5.68,180,Closed,5/31/2023
264,264,Business Loan,234714,9.92,24,Active,2/17/2024
265,265,Home Loan,241925,4.65,60,Closed,9/27/2023
266,266,Home Loan,111416,3.96,60,Active,6/5/2022
267,267,Education Loan,36789,7.49,24,Default,9/5/2023
268,268,Education Loan,53082,3.94,36,Active,2/18/2024
269,269,Home Loan,353087,8.54,60,Active,10/23/2022
270,270,Home Loan,200067,8.93,36,Active,7/30/2022
271,271,Business Loan,64175,9.35,180,Default,3/31/2024
272,272,Car Loan,49850,9.11,120,Active,3/29/2023
273,273,Home Loan,113877,9.09,12,Default,2/23/2022
274,274,Car Loan,23383,3.88,24,Active,5/1/2024
275,275,Car Loan,25486,6.55,60,Closed,11/15/2022
276,276,Car Loan,57295,4.38,60,Active,9/12/2022
277,277,Personal Loan,23700,7.03,180,Active,6/2/2024
278,278,Education Loan,20487,9.66,36,Active,6/21/2022
279,279,Education Loan,67852,5.96,120,Closed,2/18/2024
280,280,Car Loan,41588,3.14,60,Active,3/27/2022
281,281,Personal Loan,44005,6.76,120,Closed,9/21/2022
282,282,Education Loan,70771,5.14,36,Active,9/13/2023
283,283,Education Loan,19429,5.33,180,Active,6/8/2022
284,284,Car Loan,10273,3.09,120,Closed,1/19/2023
285,285,Education Loan,63025,9.48,60,Default,1/18/2023
286,286,Education Loan,74166,5.15,120,Active,6/25/2024
287,287,Home Loan,145262,5.69,120,Active,2/21/2024
288,288,Education Loan,43457,8.4,240,Closed,6/6/2023
289,289,Education Loan,58258,7.88,180,Active,3/11/2023
290,290,Car Loan,25882,6.34,240,Active,12/25/2023
291,291,Home Loan,445675,7.66,24,Active,4/12/2023
292,292,Car Loan,26665,4.73,120,Default,5/11/2024
293,293,Car Loan,10808,3.82,12,Active,7/27/2024
294,294,Education Loan,62122,7.94,12,Active,7/13/2022
295,295,Education Loan,31734,8.81,36,Active,5/28/2023
296,296,Business Loan,222618,9.21,120,Active,2/26/2023
297,297,Home Loan,137291,7.45,240,Closed,4/13/2024
298,298,Car Loan,27630,8.24,180,Active,11/12/2022
299,299,Home Loan,168289,8.71,12,Active,3/3/2024
300,300,Education Loan,78807,5.92,36,Closed,6/24/2022
301,301,Car Loan,34553,4.3,24,Active,7/6/2022
302,302,Business Loan,298639,3.77,120,Closed,7/10/2022
303,303,Car Loan,13865,8.25,240,Closed,9/23/2022
304,304,Education Loan,67767,7.39,120,Active,10/14/2023
305,305,Car Loan,15230,5.05,60,Active,3/7/2022
306,306,Personal Loan,6944,7.1,60,Active,2/18/2024
307,307,Home Loan,84984,3.43,240,Default,11/13/2023
308,308,Business Loan,256885,9.91,12,Active,3/21/2024
309,309,Home Loan,276957,7.22,240,Active,5/13/2023
310,310,Education Loan,54175,7.23,36,Active,6/30/2024
311,311,Personal Loan,25658,8.72,36,Active,1/23/2023
312,312,Business Loan,65005,9.83,240,Active,4/13/2022
313,313,Home Loan,319557,9.09,60,Closed,6/28/2024
314,314,Car Loan,11682,7.21,240,Active,8/31/2024
315,315,Car Loan,34145,6.16,180,Active,5/2/2023
316,316,Business Loan,158298,7.62,12,Default,9/7/2024
317,317,Personal Loan,6089,7.44,240,Active,4/6/2024
318,318,Personal Loan,49428,6.11,120,Active,1/27/2024
319,319,Business Loan,258131,3.57,60,Default,8/22/2024
320,320,Education Loan,23166,8.14,36,Active,12/31/2023
321,321,Car Loan,44082,9.13,240,Closed,6/1/2023
322,322,Home Loan,147036,6.49,12,Active,11/21/2023
323,323,Business Loan,279319,6.27,60,Default,5/9/2023
324,324,Business Loan,113150,4.7,24,Closed,11/7/2023
325,325,Home Loan,135296,6.04,180,Active,8/9/2024
326,326,Personal Loan,30132,8.36,24,Closed,11/13/2023
327,327,Education Loan,26134,7.66,120,Active,5/19/2023
328,328,Home Loan,497092,7.84,240,Active,8/13/2023
329,329,Business Loan,66952,7.51,60,Default,1/31/2024
330,330,Education Loan,67273,8.66,24,Active,10/25/2022
331,331,Home Loan,138396,3.62,180,Active,7/12/2022
332,332,Home Loan,380332,5.57,240,Active,1/25/2023
333,333,Business Loan,243178,3.01,12,Active,7/14/2022
334,334,Education Loan,65535,5.24,36,Closed,8/14/2024
335,335,Car Loan,44062,7.65,120,Active,2/9/2023
336,336,Home Loan,362220,8.97,36,Active,8/23/2024
337,337,Personal Loan,19346,6.5,60,Active,10/18/2022
338,338,Car Loan,58959,7.66,240,Closed,2/5/2022
339,339,Business Loan,133922,5.16,180,Active,5/18/2024
340,340,Business Loan,175378,7.42,24,Active,12/23/2023
341,341,Education Loan,17708,9.87,36,Active,1/4/2024
342,342,Car Loan,58015,9.54,24,Closed,2/23/2022
343,343,Car Loan,41949,8.09,36,Default,11/7/2023
344,344,Car Loan,11413,6.84,36,Active,4/30/2023
345,345,Personal Loan,30648,5.74,120,Closed,10/17/2022
346,346,Car Loan,55947,8.99,60,Active,11/28/2022
347,347,Business Loan,276978,8.64,240,Default,11/8/2022
348,348,Education Loan,31455,7.04,60,Active,10/26/2022
349,349,Car Loan,23747,4.53,180,Active,10/29/2023
350,350,Home Loan,269910,8.08,120,Active,3/15/2024
351,351,Car Loan,34677,9.65,60,Active,6/22/2022
352,352,Home Loan,130356,5.49,60,Active,2/23/2022
353,353,Home Loan,350236,7.55,120,Active,6/2/2022
354,354,Education Loan,42112,3.24,24,Active,11/6/2022
355,355,Business Loan,95216,7.57,60,Closed,3/25/2024
356,356,Home Loan,487754,6.25,240,Active,10/9/2022
357,357,Education Loan,58145,3.08,12,Active,5/16/2023
358,358,Business Loan,108965,3.16,120,Default,5/7/2023
359,359,Personal Loan,11196,8.56,24,Active,10/23/2023
360,360,Education Loan,49107,7,12,Active,1/1/2024
361,361,Business Loan,98467,5.84,180,Active,7/24/2023
362,362,Business Loan,255383,8.69,60,Active,5/7/2024
363,363,Business Loan,191290,8,240,Active,2/11/2024
364,364,Car Loan,53160,9.28,24,Closed,12/13/2023
365,365,Car Loan,10348,6.88,240,Active,2/10/2022
366,366,Car Loan,47688,4.44,24,Active,9/20/2022
367,367,Home Loan,124360,9.86,120,Active,9/16/2024
368,368,Business Loan,94984,5.96,180,Active,11/4/2022
369,369,Home Loan,352337,9.33,36,Active,4/1/2023
370,370,Car Loan,47818,6.43,36,Active,12/27/2022
371,371,Business Loan,191088,6.57,180,Active,4/19/2024
372,372,Home Loan,204308,3.26,24,Active,5/2/2024
373,373,Car Loan,18795,7.22,24,Active,10/12/2022
374,374,Car Loan,57782,7.36,12,Active,9/24/2022
375,375,Education Loan,31406,5.8,12,Default,11/24/2023
376,376,Education Loan,28775,6.75,12,Active,10/3/2022
377,377,Car Loan,56821,5.6,180,Active,6/8/2023
378,378,Business Loan,93002,5.94,24,Active,3/17/2024
379,379,Education Loan,59668,3.18,120,Active,10/4/2022
380,380,Home Loan,358643,3.77,120,Active,12/4/2022
381,381,Home Loan,270221,9.36,240,Active,6/8/2024
382,382,Car Loan,27933,3.07,60,Default,8/16/2022
383,383,Education Loan,23762,8.48,12,Active,1/16/2024
384,384,Personal Loan,43589,8.75,60,Active,12/24/2022
385,385,Business Loan,276858,4.97,36,Active,7/7/2024
386,386,Home Loan,169520,5.23,240,Active,12/20/2022
387,387,Business Loan,194617,7.16,240,Active,8/30/2023
388,388,Car Loan,26977,3.07,120,Closed,11/5/2023
389,389,Car Loan,19350,5.65,180,Active,7/29/2024
390,390,Personal Loan,21325,7.75,60,Closed,7/7/2022
391,391,Education Loan,56399,8.59,120,Active,9/2/2024
392,392,Education Loan,78235,9.59,240,Active,10/13/2023
393,393,Home Loan,240254,5.85,36,Closed,10/12/2023
394,394,Home Loan,120209,8.11,12,Active,2/28/2022
395,395,Home Loan,469760,5,60,Closed,1/11/2022
396,396,Education Loan,76674,9.53,24,Active,6/12/2023
397,397,Business Loan,232945,3.87,12,Active,7/21/2024
398,398,Home Loan,454425,5.97,120,Closed,9/8/2022
399,399,Business Loan,229326,7.26,120,Active,6/22/2022
400,400,Business Loan,286925,4.58,12,Active,5/17/2022
401,401,Business Loan,142613,9.67,60,Active,6/24/2022
402,402,Personal Loan,12420,5.37,180,Active,7/7/2023
403,403,Home Loan,232077,5.09,36,Active,1/3/2022
404,404,Business Loan,153185,4.52,36,Default,9/9/2024
405,405,Business Loan,266459,9.25,60,Closed,5/18/2024
406,406,Education Loan,17536,5.49,120,Active,11/2/2022
407,407,Personal Loan,12023,3.04,180,Active,12/30/2022
408,408,Home Loan,133130,6.02,24,Active,6/11/2023
409,409,Car Loan,36916,3.87,60,Active,2/27/2024
410,410,Personal Loan,19817,6.29,36,Active,3/15/2023
411,411,Car Loan,45155,8.68,12,Default,11/4/2023
412,412,Education Loan,31211,3.98,180,Active,1/3/2023
413,413,Car Loan,17252,4.33,12,Active,3/8/2023
414,414,Personal Loan,7071,4.12,24,Default,9/9/2024
415,415,Personal Loan,12785,5.95,120,Active,11/30/2023
416,416,Car Loan,31291,8.26,240,Closed,5/29/2023
417,417,Education Loan,27225,3.77,12,Closed,5/10/2022
418,418,Car Loan,32552,6.5,240,Active,2/23/2022
419,419,Personal Loan,33158,9.84,180,Active,5/7/2023
420,420,Personal Loan,23495,6.4,240,Active,9/25/2023
421,421,Car Loan,57792,6.58,24,Active,4/28/2022
422,422,Personal Loan,21210,7.66,60,Active,12/25/2023
423,423,Home Loan,447601,8.11,120,Active,5/25/2024
424,424,Business Loan,214864,7.44,24,Active,2/15/2023
425,425,Home Loan,223582,9.93,24,Active,9/24/2023
426,426,Car Loan,15959,9.05,60,Active,11/10/2022
427,427,Car Loan,24534,5.35,60,Active,3/14/2023
428,428,Home Loan,239535,3.77,36,Active,12/26/2022
429,429,Education Loan,42370,5.24,12,Active,1/1/2022
430,430,Home Loan,426255,8.21,24,Active,10/14/2022
431,431,Business Loan,76414,6.02,36,Default,1/8/2023
432,432,Personal Loan,24946,3.78,180,Active,7/20/2023
433,433,Car Loan,31706,5.52,240,Active,3/8/2024
434,434,Business Loan,188638,7.23,24,Active,8/4/2022
435,435,Business Loan,150676,3.61,12,Active,1/31/2024
436,436,Business Loan,81550,3.29,180,Closed,7/17/2022
437,437,Education Loan,22928,3.52,120,Active,11/5/2022
438,438,Education Loan,36476,6.73,24,Active,7/16/2022
439,439,Education Loan,43099,9.24,240,Closed,7/17/2024
440,440,Business Loan,141052,9.26,60,Active,5/1/2022
441,441,Education Loan,18874,6.38,120,Default,5/31/2023
442,442,Home Loan,167522,7.19,180,Default,10/24/2022
443,443,Home Loan,376838,3.43,180,Active,4/14/2024
444,444,Education Loan,74884,7.79,240,Active,3/18/2022
445,445,Car Loan,38688,8.26,60,Active,2/4/2023
446,446,Education Loan,45585,4.45,12,Active,8/12/2022
447,447,Business Loan,232641,3.06,240,Active,5/31/2023
448,448,Business Loan,117851,5.12,24,Active,10/2/2022
449,449,Business Loan,81222,4.2,12,Active,10/26/2022
450,450,Home Loan,415342,4.04,36,Default,10/4/2022
451,451,Home Loan,416809,9.86,240,Active,4/29/2022
452,452,Home Loan,420077,5.43,120,Default,11/29/2022
453,453,Home Loan,449865,9.19,36,Closed,2/23/2023
454,454,Business Loan,127305,5.27,12,Active,1/11/2022
455,455,Personal Loan,19370,8.11,36,Active,9/21/2024
456,456,Home Loan,361746,7.6,240,Closed,3/10/2024
457,457,Business Loan,77903,8.06,180,Active,11/1/2023
458,458,Personal Loan,46040,7.44,120,Active,3/29/2023
459,459,Car Loan,31250,4.88,120,Active,5/28/2024
460,460,Education Loan,30400,6.12,180,Closed,1/13/2023
461,461,Car Loan,41392,3.66,24,Active,4/15/2024
462,462,Car Loan,22377,6.99,180,Active,10/16/2022
463,463,Home Loan,242613,4.14,24,Closed,12/5/2023
464,464,Business Loan,99243,3.49,12,Active,4/11/2023
465,465,Education Loan,23137,8.07,24,Closed,4/7/2024
466,466,Home Loan,396299,3.7,60,Active,4/26/2024
467,467,Home Loan,480265,8.81,12,Active,2/28/2024
468,468,Home Loan,220329,4,180,Active,3/22/2024
469,469,Home Loan,495058,3.74,180,Closed,5/23/2024
470,470,Home Loan,186074,3.97,240,Active,3/31/2023
471,471,Car Loan,30144,5.32,24,Active,7/11/2023
472,472,Personal Loan,46122,6.81,12,Closed,4/16/2022
473,473,Business Loan,127788,3.72,240,Active,1/2/2022
474,474,Car Loan,11572,4.59,60,Active,11/3/2023
475,475,Personal Loan,19803,9.45,180,Active,6/24/2024
476,476,Home Loan,337855,4.19,12,Active,9/6/2024
477,477,Personal Loan,28416,3.53,36,Active,8/3/2024
478,478,Home Loan,102726,7.23,24,Active,12/9/2022
479,479,Business Loan,97543,7.76,24,Closed,12/5/2023
480,480,Personal Loan,45944,8.72,36,Closed,10/5/2022
481,481,Education Loan,58380,9.53,240,Default,3/28/2024
482,482,Home Loan,493587,3.02,24,Closed,5/31/2022
483,483,Personal Loan,14684,5.73,180,Closed,9/26/2024
484,484,Education Loan,18822,3.79,60,Default,10/13/2022
485,485,Car Loan,15927,5.26,24,Active,1/30/2023
486,486,Personal Loan,25926,6.46,60,Active,2/28/2023
487,487,Business Loan,258011,7.46,24,Closed,11/1/2023
488,488,Car Loan,35112,5.93,60,Active,5/20/2023
489,489,Business Loan,190564,8.75,60,Active,1/3/2024
490,490,Education Loan,79067,7.05,180,Closed,8/13/2022
491,491,Home Loan,203308,5.53,24,Default,1/18/2022
492,492,Personal Loan,41593,6.32,24,Default,3/3/2022
493,493,Personal Loan,28649,8.94,240,Closed,5/23/2022
494,494,Personal Loan,35172,4.01,240,Active,8/11/2024
495,495,Education Loan,41784,4.48,24,Active,5/22/2022
496,496,Home Loan,444789,7.93,60,Closed,12/14/2023
497,497,Education Loan,58717,3.38,12,Active,3/17/2022
498,498,Education Loan,30732,3.21,36,Active,9/8/2022
499,499,Home Loan,86541,6.98,240,Active,2/23/2024
500,500,Car Loan,40786,8.2,180,Active,8/29/2024
501,501,Personal Loan,35814,5.88,36,Active,10/23/2023
502,502,Home Loan,230349,3.78,12,Closed,2/2/2022
503,503,Business Loan,246904,4.22,24,Active,5/2/2024
504,504,Education Loan,69545,6.88,240,Active,8/9/2023
505,505,Business Loan,130224,7.97,60,Default,10/6/2022
506,506,Home Loan,353416,5.64,24,Closed,2/15/2023
507,507,Business Loan,64679,4.53,24,Closed,9/26/2024
508,508,Business Loan,208618,8.89,240,Active,5/4/2023
509,509,Personal Loan,47775,7.49,240,Active,2/25/2022
510,510,Personal Loan,47378,5.97,36,Active,3/21/2022
511,511,Personal Loan,44530,8.45,36,Active,10/16/2022
512,512,Car Loan,45492,3.75,24,Active,2/14/2024
513,513,Personal Loan,17303,6.86,180,Default,9/4/2022
514,514,Personal Loan,10573,9.84,120,Active,3/20/2024
515,515,Education Loan,15987,3.34,12,Default,1/9/2022
516,516,Personal Loan,23507,9.71,120,Active,2/9/2024
517,517,Education Loan,56640,9.82,180,Active,12/6/2022
518,518,Education Loan,76005,3.71,240,Closed,1/25/2022
519,519,Business Loan,258684,5.67,120,Closed,2/8/2022
520,520,Personal Loan,15565,4.06,60,Active,10/3/2023
521,521,Home Loan,456681,4.62,24,Closed,11/1/2023
522,522,Car Loan,57091,4.13,120,Active,1/17/2024
523,523,Business Loan,220759,6.66,240,Active,3/15/2024
524,524,Car Loan,32218,5.04,120,Closed,3/18/2023
525,525,Home Loan,453692,8.42,60,Active,9/18/2023
526,526,Business Loan,69660,9.71,120,Active,5/25/2023
527,527,Home Loan,87833,4,240,Active,6/7/2024
528,528,Home Loan,341573,3.66,36,Active,10/30/2022
529,529,Car Loan,14467,4.96,36,Active,3/14/2022
530,530,Car Loan,56573,8.4,36,Default,9/20/2022
531,531,Education Loan,28408,9.58,120,Active,1/8/2023
532,532,Personal Loan,31275,5.86,120,Default,5/13/2022
533,533,Education Loan,58068,6.59,120,Default,1/18/2023
534,534,Home Loan,437669,5.89,60,Active,6/15/2024
535,535,Home Loan,405380,9.84,12,Closed,9/8/2022
536,536,Business Loan,52082,4.08,12,Active,6/12/2022
537,537,Business Loan,154668,8.98,24,Active,4/19/2023
538,538,Home Loan,262943,6.26,180,Active,4/17/2024
539,539,Education Loan,24302,3.6,180,Active,9/9/2024
540,540,Education Loan,66769,4.4,36,Active,12/17/2022
541,541,Business Loan,177479,4.49,180,Active,10/13/2022
542,542,Education Loan,15017,6.82,60,Active,8/7/2022
543,543,Personal Loan,42237,3.22,120,Closed,3/5/2022
544,544,Personal Loan,33187,9.85,24,Active,6/7/2024
545,545,Home Loan,477733,7.79,36,Active,6/30/2022
546,546,Home Loan,154311,3.48,60,Active,6/13/2024
547,547,Education Loan,65013,6.67,180,Closed,7/8/2022
548,548,Home Loan,128465,9.26,60,Active,2/11/2024
549,549,Personal Loan,15782,4.39,60,Active,7/3/2023
550,550,Car Loan,55658,6.06,180,Active,4/22/2024
551,551,Home Loan,374077,8.48,120,Active,1/11/2024
552,552,Business Loan,211615,4.01,180,Default,8/19/2024
553,553,Personal Loan,5929,4.05,60,Default,5/27/2023
554,554,Personal Loan,12445,8.54,180,Active,6/18/2023
555,555,Home Loan,316222,9.6,240,Active,4/6/2023
556,556,Business Loan,75544,3.26,180,Default,3/7/2023
557,557,Business Loan,253000,4.16,60,Active,8/3/2022
558,558,Car Loan,54540,7.04,12,Active,1/8/2023
559,559,Home Loan,238305,9.28,120,Closed,5/8/2022
560,560,Education Loan,69768,5.9,36,Active,7/10/2023
561,561,Education Loan,78572,9.82,36,Active,6/30/2022
562,562,Education Loan,66149,5.61,120,Active,7/10/2023
563,563,Education Loan,60012,5,180,Active,3/24/2023
564,564,Personal Loan,45656,9.57,240,Active,3/31/2022
565,565,Home Loan,126996,7.55,120,Default,4/17/2022
566,566,Education Loan,23068,7.43,120,Active,2/3/2022
567,567,Personal Loan,32567,4.48,240,Active,1/26/2023
568,568,Home Loan,182529,8.99,12,Active,3/23/2024
569,569,Education Loan,64124,9.36,180,Closed,1/29/2024
570,570,Education Loan,10996,9.58,240,Active,10/18/2022
571,571,Personal Loan,48167,4.85,240,Default,7/20/2024
572,572,Education Loan,41661,3.03,60,Active,1/27/2022
573,573,Car Loan,34537,8.89,120,Closed,9/7/2023
574,574,Personal Loan,26960,4.19,120,Default,9/5/2022
575,575,Business Loan,152593,4.35,180,Active,2/22/2022
576,576,Business Loan,162486,3.9,180,Active,1/16/2024
577,577,Car Loan,36418,9.33,120,Active,8/25/2022
578,578,Home Loan,452257,8.61,120,Active,8/14/2023
579,579,Education Loan,44108,8.86,24,Default,7/28/2022
580,580,Home Loan,128897,3.18,12,Active,8/31/2023
581,581,Car Loan,11823,7.33,120,Default,3/22/2022
582,582,Business Loan,150245,3.18,180,Active,4/10/2023
583,583,Personal Loan,17226,4.68,24,Active,7/3/2023
584,584,Car Loan,57599,8.46,240,Active,9/24/2022
585,585,Home Loan,224160,3.58,24,Active,10/16/2023
586,586,Business Loan,277262,3.72,60,Default,5/6/2022
587,587,Home Loan,154362,4.98,24,Active,5/22/2023
588,588,Personal Loan,18629,5.74,60,Closed,2/28/2023
589,589,Home Loan,335075,9.71,12,Active,3/6/2023
590,590,Education Loan,51102,7.43,60,Closed,7/4/2022
591,591,Personal Loan,5664,9.33,180,Active,9/14/2023
592,592,Home Loan,141450,9.83,36,Active,9/21/2023
593,593,Business Loan,193257,3.04,120,Closed,8/6/2024
594,594,Home Loan,181106,7.24,120,Active,6/9/2023
595,595,Car Loan,24175,9.07,12,Closed,1/31/2022
596,596,Personal Loan,14080,4.54,180,Active,5/10/2022
597,597,Personal Loan,22935,6.37,12,Active,7/19/2023
598,598,Personal Loan,35608,8.22,60,Active,8/27/2024
599,599,Education Loan,35304,4.75,24,Active,6/27/2024
600,600,Personal Loan,30744,3.72,240,Closed,11/16/2022
601,601,Car Loan,23489,9.68,60,Active,4/2/2023
602,602,Education Loan,45608,8.71,120,Active,1/28/2023
603,603,Education Loan,36177,6.97,36,Closed,4/19/2024
604,604,Home Loan,315616,4.17,12,Default,9/17/2022
605,605,Business Loan,157428,5.05,240,Closed,8/31/2024
606,606,Business Loan,142341,5.79,12,Active,11/27/2022
607,607,Education Loan,34368,5.5,12,Active,1/16/2023
608,608,Personal Loan,14505,8.46,12,Active,12/6/2023
609,609,Home Loan,455811,5.3,60,Active,11/26/2022
610,610,Car Loan,46807,3.46,36,Active,6/24/2023
611,611,Car Loan,16744,6.93,180,Active,6/23/2024
612,612,Home Loan,380914,9.25,60,Active,3/22/2023
613,613,Personal Loan,25979,4.39,12,Closed,5/26/2023
614,614,Home Loan,223872,5.95,12,Active,9/8/2023
615,615,Personal Loan,43742,5.68,120,Active,1/19/2022
616,616,Business Loan,51218,9.38,36,Active,9/17/2024
617,617,Education Loan,14850,9.27,120,Active,10/23/2023
618,618,Home Loan,116413,6.29,240,Closed,1/11/2024
619,619,Personal Loan,23001,5.22,36,Active,7/24/2023
620,620,Personal Loan,37362,7.29,60,Active,4/11/2023
621,621,Education Loan,25913,8.9,120,Active,8/18/2022
622,622,Home Loan,85450,3.97,36,Closed,1/12/2024
623,623,Education Loan,39667,4.19,24,Closed,4/11/2024
624,624,Personal Loan,40229,9.93,180,Closed,9/23/2022
625,625,Home Loan,138092,3.34,36,Active,12/4/2022
626,626,Business Loan,257520,8.69,36,Active,8/5/2024
627,627,Car Loan,48237,6.22,24,Active,6/1/2022
628,628,Business Loan,282731,8.95,60,Active,11/16/2023
629,629,Home Loan,353554,6.69,120,Active,5/17/2023
630,630,Personal Loan,26096,8.41,60,Active,9/28/2022
631,631,Personal Loan,10426,5.47,240,Closed,11/7/2023
632,632,Car Loan,55545,3.55,60,Active,1/14/2022
633,633,Car Loan,40680,8.73,24,Active,12/15/2022
634,634,Car Loan,48700,8.33,120,Closed,2/18/2024
635,635,Personal Loan,34754,7.59,240,Active,7/25/2024
636,636,Car Loan,24338,9.42,60,Default,6/7/2024
637,637,Business Loan,184601,4.42,60,Active,10/12/2022
638,638,Education Loan,31521,7.8,240,Active,4/15/2022
639,639,Car Loan,40209,9.13,180,Active,1/17/2022
640,640,Education Loan,34514,4.87,60,Active,4/9/2023
641,641,Personal Loan,22404,3.83,120,Active,3/18/2023
642,642,Car Loan,19871,5.78,60,Active,2/24/2022
643,643,Education Loan,45728,5.59,12,Active,1/20/2024
644,644,Education Loan,35419,5.06,60,Active,10/10/2022
645,645,Business Loan,209238,6.46,60,Active,2/21/2022
646,646,Car Loan,17279,4.54,12,Closed,8/13/2023
647,647,Personal Loan,20647,3.46,12,Active,6/22/2024
648,648,Business Loan,233372,8.01,60,Active,8/14/2022
649,649,Personal Loan,37451,4.44,240,Active,10/15/2023
650,650,Personal Loan,44079,5.02,12,Active,5/31/2023
651,651,Business Loan,174979,8.17,240,Default,9/2/2022
652,652,Car Loan,30651,7.77,24,Active,7/10/2024
653,653,Education Loan,28590,9.74,180,Active,12/9/2022
654,654,Home Loan,173069,9.82,12,Active,2/18/2024
655,655,Home Loan,391429,5.47,60,Active,5/16/2023
656,656,Car Loan,40970,3.77,240,Active,11/28/2023
657,657,Personal Loan,19961,6.68,24,Closed,3/4/2024
658,658,Home Loan,132424,5.13,180,Active,5/18/2023
659,659,Personal Loan,40763,4.8,60,Active,4/15/2023
660,660,Home Loan,264877,5.11,36,Closed,3/4/2024
661,661,Business Loan,176970,3.79,180,Active,10/18/2023
662,662,Home Loan,157542,9.85,240,Active,5/26/2022
663,663,Personal Loan,37625,3.22,120,Closed,9/23/2024
664,664,Education Loan,57109,4.44,12,Active,9/4/2024
665,665,Education Loan,24146,9.76,180,Active,7/9/2024
666,666,Education Loan,79062,4.22,180,Active,12/6/2022
667,667,Education Loan,64695,9.62,36,Active,2/12/2022
668,668,Business Loan,186335,7.91,240,Active,3/20/2023
669,669,Education Loan,55481,5.02,12,Active,12/3/2023
670,670,Car Loan,40560,7.77,120,Default,10/1/2023
671,671,Business Loan,224147,4.14,60,Active,3/29/2024
672,672,Personal Loan,6021,6.18,24,Active,8/31/2023
673,673,Home Loan,107888,6.42,12,Active,11/8/2023
674,674,Home Loan,106163,4.76,36,Closed,3/15/2024
675,675,Business Loan,224411,9.71,120,Active,3/30/2022
676,676,Personal Loan,14348,9.97,24,Active,7/29/2024
677,677,Home Loan,232464,4.53,60,Default,9/12/2022
678,678,Education Loan,65386,5.79,12,Closed,7/31/2024
679,679,Personal Loan,44127,5.18,120,Active,6/15/2024
680,680,Personal Loan,42890,3.97,240,Active,5/19/2022
681,681,Education Loan,36151,5.11,12,Active,8/7/2024
682,682,Education Loan,34034,5.63,240,Active,5/22/2022
683,683,Business Loan,165841,7.86,120,Default,12/31/2023
684,684,Personal Loan,35695,5.48,60,Active,2/25/2023
685,685,Education Loan,13627,9.39,12,Default,3/8/2023
686,686,Home Loan,476286,3.98,36,Closed,8/18/2023
687,687,Business Loan,147808,3.89,120,Closed,6/17/2024
688,688,Personal Loan,8508,8.29,60,Active,11/18/2023
689,689,Home Loan,322644,8.65,240,Active,5/9/2024
690,690,Home Loan,124385,3.38,240,Default,4/20/2022
691,691,Personal Loan,43950,3.68,36,Active,12/9/2023
692,692,Personal Loan,8988,3.85,120,Active,1/28/2024
693,693,Home Loan,447826,4.44,24,Active,9/17/2024
694,694,Education Loan,27878,4.56,180,Active,6/8/2022
695,695,Personal Loan,46172,5.18,12,Closed,10/1/2023
696,696,Car Loan,17517,3.47,24,Active,5/4/2022
697,697,Business Loan,75392,4.73,12,Active,5/2/2024
698,698,Business Loan,166343,5.73,12,Active,5/11/2023
699,699,Car Loan,25396,8.89,120,Active,9/20/2023
700,700,Education Loan,26147,6.03,180,Active,5/26/2022
701,701,Car Loan,21191,6.58,180,Active,5/3/2023
702,702,Education Loan,48015,5.03,12,Default,5/20/2023
703,703,Personal Loan,48758,4.93,60,Active,4/20/2022
704,704,Education Loan,64643,8.69,24,Active,4/14/2023
705,705,Home Loan,375808,5.73,120,Active,10/23/2023
706,706,Business Loan,166517,3.3,36,Default,4/25/2023
707,707,Education Loan,46294,3.06,24,Active,5/26/2024
708,708,Business Loan,105254,5.44,180,Active,6/10/2023
709,709,Home Loan,171486,7.59,36,Active,7/31/2023
710,710,Personal Loan,35112,8.01,240,Active,3/14/2024
711,711,Personal Loan,30816,3.48,240,Active,1/21/2023
712,712,Education Loan,33642,7.03,120,Closed,6/23/2023
713,713,Personal Loan,13481,7.88,120,Default,12/23/2022
714,714,Business Loan,211867,8.81,12,Active,5/22/2024
715,715,Car Loan,25184,3.68,12,Active,11/27/2023
716,716,Education Loan,52422,8.32,240,Closed,1/21/2024
717,717,Car Loan,16909,9.3,24,Closed,1/29/2023
718,718,Education Loan,18437,3.43,36,Active,5/17/2024
719,719,Home Loan,311488,8.34,120,Active,1/31/2022
720,720,Car Loan,31047,3.75,60,Active,10/15/2023
721,721,Business Loan,195874,4.4,36,Active,11/27/2023
722,722,Personal Loan,19778,4.41,24,Active,6/26/2023
723,723,Car Loan,15637,7.07,180,Default,4/9/2022
724,724,Car Loan,12178,8.67,12,Active,2/22/2023
725,725,Business Loan,193282,9.05,36,Active,1/18/2024
726,726,Business Loan,180069,4.33,24,Active,5/1/2023
727,727,Business Loan,142302,5.5,120,Closed,3/31/2024
728,728,Home Loan,310098,5.99,60,Closed,8/6/2023
729,729,Home Loan,146685,8.48,36,Active,5/26/2023
730,730,Car Loan,13373,7.21,36,Active,4/21/2024
731,731,Personal Loan,21474,5.73,36,Active,6/11/2024
732,732,Car Loan,28878,3.52,120,Active,6/15/2023
733,733,Business Loan,181084,5.19,120,Active,12/16/2023
734,734,Home Loan,385540,6.3,36,Active,2/3/2022
735,735,Personal Loan,32617,4.83,36,Closed,3/2/2022
736,736,Car Loan,23384,6.83,180,Active,2/15/2024
737,737,Home Loan,203531,6.45,240,Default,7/15/2024
738,738,Business Loan,234311,8.85,240,Active,3/14/2022
739,739,Education Loan,20563,9.21,60,Default,10/5/2022
740,740,Home Loan,134558,3.25,120,Active,12/25/2022
741,741,Education Loan,72599,5.12,240,Closed,8/22/2022
742,742,Home Loan,109022,3.18,240,Closed,7/2/2023
743,743,Business Loan,275521,5.66,180,Closed,7/20/2023
744,744,Education Loan,16834,5.71,60,Active,3/17/2023
745,745,Education Loan,28057,3.81,12,Closed,7/14/2024
746,746,Personal Loan,28054,4.36,60,Default,9/1/2022
747,747,Car Loan,16028,7.12,24,Active,2/10/2024
748,748,Business Loan,198910,3.32,240,Active,1/8/2024
749,749,Car Loan,13727,3.54,24,Active,10/17/2022
750,750,Home Loan,244692,5.45,180,Closed,10/27/2022
751,751,Car Loan,49722,5.78,180,Active,3/20/2022
752,752,Home Loan,211176,9.57,24,Active,1/23/2024
753,753,Personal Loan,19436,6.1,36,Default,3/9/2024
754,754,Business Loan,126725,9.08,24,Active,10/1/2022
755,755,Personal Loan,40482,6.52,12,Active,2/25/2023
756,756,Business Loan,177456,4.96,24,Default,5/11/2024
757,757,Business Loan,110433,5.13,120,Active,1/17/2023
758,758,Car Loan,12350,9.85,180,Active,2/22/2024
759,759,Education Loan,24973,3.15,240,Active,10/12/2022
760,760,Business Loan,150709,5.1,12,Active,5/25/2024
761,761,Business Loan,150646,6.47,240,Active,3/31/2023
762,762,Home Loan,197675,4.44,24,Active,6/30/2023
763,763,Home Loan,426241,5.14,120,Closed,8/17/2024
764,764,Home Loan,399154,8.28,36,Default,7/18/2024
765,765,Personal Loan,43729,4.52,12,Active,4/29/2024
766,766,Business Loan,163790,9.06,240,Closed,1/24/2024
767,767,Home Loan,137257,6.87,180,Default,10/22/2022
768,768,Business Loan,171504,5.97,180,Active,6/16/2023
769,769,Personal Loan,15652,9.72,60,Closed,8/4/2024
770,770,Car Loan,18642,9.35,36,Closed,8/31/2024
771,771,Personal Loan,10605,9.99,240,Active,12/12/2022
772,772,Business Loan,153442,3.27,36,Active,11/7/2023
773,773,Personal Loan,47797,8.67,120,Active,11/11/2022
774,774,Business Loan,223218,5.25,36,Closed,3/31/2023
775,775,Education Loan,12263,6.08,60,Active,1/3/2023
776,776,Education Loan,38553,5.86,120,Default,10/11/2022
777,777,Business Loan,194558,5.2,12,Active,9/22/2022
778,778,Personal Loan,22009,9.08,24,Active,6/28/2022
779,779,Car Loan,50497,7.59,24,Active,2/9/2022
780,780,Car Loan,54855,6.55,60,Active,2/12/2022
781,781,Business Loan,238051,4.6,180,Default,9/25/2024
782,782,Personal Loan,6056,7.75,240,Closed,7/8/2023
783,783,Home Loan,394876,4.64,12,Active,3/31/2023
784,784,Home Loan,347929,3.54,24,Active,1/16/2023
785,785,Education Loan,19357,7.49,36,Active,12/1/2022
786,786,Business Loan,256612,5.52,60,Closed,1/19/2023
787,787,Education Loan,48543,7.35,24,Active,10/25/2022
788,788,Car Loan,48746,3.18,120,Active,11/17/2022
789,789,Business Loan,237634,8.47,120,Closed,12/31/2023
790,790,Personal Loan,19081,5.65,120,Active,1/14/2024
791,791,Car Loan,34975,8.34,180,Active,3/21/2022
792,792,Car Loan,47054,6.52,120,Active,1/22/2024
793,793,Education Loan,25891,8.93,120,Closed,9/14/2023
794,794,Education Loan,78740,6.64,36,Active,5/6/2024
795,795,Business Loan,126825,9.38,36,Active,2/26/2024
796,796,Personal Loan,20131,6.19,180,Default,12/11/2023
797,797,Car Loan,39164,8.13,60,Active,12/27/2022
798,798,Business Loan,182551,3.54,36,Active,9/12/2023
799,799,Car Loan,39423,8.5,24,Active,4/26/2024
800,800,Car Loan,45233,4.71,60,Active,11/13/2023
801,801,Car Loan,49685,4.82,36,Active,5/1/2022
802,802,Home Loan,294173,5.95,24,Active,10/10/2023
803,803,Car Loan,21790,9.13,12,Active,3/5/2023
804,804,Personal Loan,41344,7.98,60,Closed,5/10/2022
805,805,Home Loan,306188,3.17,24,Default,5/16/2022
806,806,Business Loan,277247,6.71,60,Default,12/29/2022
807,807,Car Loan,36366,7.88,24,Closed,5/2/2022
808,808,Personal Loan,27062,7.14,120,Active,1/10/2024
809,809,Home Loan,118667,8.17,36,Default,7/21/2024
810,810,Education Loan,68950,8.18,60,Active,5/4/2023
811,811,Car Loan,58066,4.28,240,Active,4/19/2024
812,812,Business Loan,71964,4.07,12,Active,1/14/2023
813,813,Education Loan,59725,5.24,24,Active,8/26/2023
814,814,Personal Loan,11350,4.63,60,Active,8/1/2023
815,815,Business Loan,285222,6.68,120,Closed,3/13/2023
816,816,Personal Loan,26155,5.69,240,Active,5/27/2022
817,817,Home Loan,465155,9.18,180,Active,6/16/2023
818,818,Personal Loan,42692,9.16,36,Active,10/19/2022
819,819,Car Loan,17769,5.01,60,Active,6/25/2024
820,820,Car Loan,28905,9.57,36,Default,2/11/2024
821,821,Home Loan,201464,7.67,24,Active,7/20/2023
822,822,Business Loan,247883,4.18,120,Default,9/9/2024
823,823,Business Loan,191011,8.59,12,Active,4/22/2024
824,824,Home Loan,273745,4.42,120,Active,4/1/2023
825,825,Business Loan,83076,8.82,36,Default,1/4/2024
826,826,Home Loan,312996,9.22,60,Active,6/4/2024
827,827,Car Loan,28248,8.12,12,Default,4/2/2024
828,828,Home Loan,470215,8.55,180,Active,6/10/2022
829,829,Business Loan,137906,4.93,180,Closed,11/20/2023
830,830,Home Loan,450571,7.82,12,Active,8/12/2024
831,831,Business Loan,133237,4.33,120,Active,6/17/2024
832,832,Home Loan,412659,7.39,24,Active,1/21/2023
833,833,Car Loan,54128,4.37,60,Active,4/13/2024
834,834,Car Loan,58074,6.48,24,Active,6/15/2024
835,835,Home Loan,350693,9,180,Active,3/21/2023
836,836,Home Loan,337263,6.9,24,Closed,2/9/2022
837,837,Education Loan,44481,7.29,180,Active,10/16/2023
838,838,Personal Loan,36734,6.71,24,Closed,5/10/2024
839,839,Car Loan,29144,7.68,60,Closed,2/6/2023
840,840,Business Loan,143618,6.8,36,Active,4/26/2022
841,841,Personal Loan,32498,9.79,36,Active,3/12/2023
842,842,Home Loan,172376,6.25,36,Active,12/22/2022
843,843,Education Loan,26784,8.42,60,Closed,6/3/2024
844,844,Education Loan,64002,7.81,12,Active,6/4/2023
845,845,Car Loan,36804,3.43,240,Active,11/23/2023
846,846,Personal Loan,31950,5.74,60,Active,9/24/2022
847,847,Home Loan,220675,6.4,24,Active,4/18/2024
848,848,Home Loan,241748,6.13,24,Active,6/20/2022
849,849,Business Loan,104054,8.46,12,Default,9/21/2023
850,850,Business Loan,136424,3.9,120,Active,1/10/2024
851,851,Home Loan,278803,3.63,180,Active,12/28/2022
852,852,Business Loan,66636,7.58,120,Active,7/3/2023
853,853,Car Loan,20288,8.87,60,Closed,8/23/2022
854,854,Personal Loan,15577,9.37,36,Active,7/21/2023
855,855,Car Loan,10893,3.25,12,Closed,6/24/2023
856,856,Home Loan,342930,5.79,60,Active,10/17/2022
857,857,Personal Loan,6588,4.61,240,Active,2/4/2022
858,858,Personal Loan,13103,8.69,60,Active,5/15/2022
859,859,Personal Loan,10565,3.54,120,Closed,2/20/2024
860,860,Education Loan,12641,3.1,240,Active,7/30/2024
861,861,Car Loan,16262,8.15,240,Active,5/1/2024
862,862,Business Loan,275261,5.19,36,Active,2/1/2024
863,863,Home Loan,238415,4.92,24,Active,9/19/2024
864,864,Business Loan,173574,5.64,60,Active,9/17/2024
865,865,Education Loan,46511,6.38,180,Active,9/8/2022
866,866,Education Loan,12256,9.95,180,Active,1/17/2023
867,867,Business Loan,237322,3.76,24,Active,1/26/2022
868,868,Education Loan,40423,6.13,60,Active,10/21/2023
869,869,Personal Loan,26786,4.01,180,Default,4/8/2022
870,870,Business Loan,94369,4.45,60,Active,3/27/2022
871,871,Car Loan,36423,7.32,60,Active,5/9/2024
872,872,Business Loan,249381,4.63,240,Active,2/26/2023
873,873,Personal Loan,27142,8.84,12,Active,8/2/2023
874,874,Business Loan,156570,9.1,36,Active,2/13/2024
875,875,Business Loan,258324,6.42,60,Active,10/30/2023
876,876,Car Loan,31091,6.23,60,Active,5/29/2024
877,877,Home Loan,135073,5.98,12,Active,2/15/2024
878,878,Home Loan,164983,6.64,12,Active,3/25/2023
879,879,Home Loan,100479,9.2,60,Active,4/2/2024
880,880,Business Loan,177714,3.98,240,Active,2/13/2023
881,881,Home Loan,235583,3.82,36,Closed,6/20/2024
882,882,Personal Loan,39241,5.26,36,Active,6/19/2022
883,883,Car Loan,29018,6.66,24,Closed,9/1/2024
884,884,Personal Loan,39038,7.23,60,Active,8/16/2024
885,885,Personal Loan,13869,4.15,180,Closed,1/11/2022
886,886,Personal Loan,32282,4.25,60,Active,9/27/2024
887,887,Home Loan,243494,7.91,24,Active,7/5/2023
888,888,Education Loan,53389,3.66,120,Active,6/10/2022
889,889,Home Loan,263738,7.45,24,Active,1/15/2022
890,890,Car Loan,27994,4.99,240,Active,1/17/2024
891,891,Personal Loan,29069,7.37,60,Default,7/29/2023
892,892,Business Loan,218191,7.62,12,Active,4/16/2022
893,893,Car Loan,28349,4.25,120,Active,3/27/2024
894,894,Business Loan,203961,7.51,60,Active,3/1/2024
895,895,Business Loan,208538,4.94,240,Closed,9/23/2023
896,896,Education Loan,37434,4.18,240,Active,8/10/2022
897,897,Home Loan,402397,4.03,24,Active,1/1/2022
898,898,Personal Loan,10097,9.27,12,Active,4/6/2024
899,899,Education Loan,65758,7.65,36,Active,2/18/2024
900,900,Home Loan,206234,6.92,60,Closed,12/25/2023
901,901,Education Loan,56529,5.18,120,Active,3/22/2022
902,902,Business Loan,270775,4.5,24,Default,5/3/2024
903,903,Personal Loan,14364,8.88,120,Active,12/13/2023
904,904,Personal Loan,49916,3.84,60,Active,7/2/2022
905,905,Home Loan,271725,8.99,240,Active,1/16/2024
906,906,Education Loan,38020,7.32,24,Active,7/3/2022
907,907,Home Loan,182674,6.09,120,Active,8/24/2023
908,908,Personal Loan,26525,3.66,36,Default,5/30/2023
909,909,Home Loan,398124,4.91,180,Active,5/6/2023
910,910,Education Loan,15756,9.97,180,Active,10/3/2023
911,911,Home Loan,379987,8.76,240,Closed,4/28/2023
912,912,Business Loan,215737,6.18,24,Active,6/14/2024
913,913,Business Loan,261663,3.73,36,Active,7/4/2024
914,914,Car Loan,56244,8.15,240,Closed,3/26/2022
915,915,Education Loan,25653,3.39,180,Closed,11/18/2022
916,916,Home Loan,365256,4.94,240,Active,9/21/2023
917,917,Home Loan,254412,8.86,240,Closed,7/8/2024
918,918,Car Loan,48459,8.05,36,Active,8/21/2024
919,919,Education Loan,64575,8.86,180,Active,7/17/2022
920,920,Business Loan,88669,8.1,12,Active,2/15/2022
921,921,Personal Loan,44880,4.39,120,Active,10/13/2023
922,922,Home Loan,243139,4.92,36,Active,4/23/2023
923,923,Business Loan,269180,7.87,120,Default,4/1/2022
924,924,Home Loan,127480,4.28,12,Active,8/29/2023
925,925,Home Loan,481983,4.19,12,Active,1/19/2023
926,926,Education Loan,20652,9.14,24,Active,11/29/2023
927,927,Car Loan,58982,8.29,24,Active,1/24/2023
928,928,Personal Loan,16665,4.95,120,Active,8/20/2022
929,929,Car Loan,27878,9.18,24,Default,9/23/2022
930,930,Education Loan,44674,3.65,36,Active,12/24/2022
931,931,Business Loan,167879,8.81,180,Closed,2/7/2022
932,932,Business Loan,151103,4.09,120,Active,12/21/2023
933,933,Education Loan,55471,7.52,180,Closed,8/1/2022
934,934,Personal Loan,38014,6.86,180,Closed,4/3/2022
935,935,Business Loan,252744,4.48,24,Active,2/2/2022
936,936,Home Loan,351072,7.61,24,Active,4/24/2023
937,937,Business Loan,134670,5.61,60,Active,7/11/2024
938,938,Home Loan,249015,7.91,180,Active,7/11/2024
939,939,Home Loan,163230,5.95,36,Active,7/13/2024
940,940,Home Loan,178100,9.39,36,Active,7/14/2023
941,941,Car Loan,59286,3.15,240,Active,8/31/2023
942,942,Business Loan,232058,6.04,60,Active,9/7/2022
943,943,Personal Loan,29459,7.21,60,Active,11/4/2022
944,944,Home Loan,202842,8.34,120,Active,3/13/2023
945,945,Personal Loan,42846,5.81,12,Active,6/20/2022
946,946,Personal Loan,44115,9.76,120,Active,9/22/2024
947,947,Business Loan,247092,3.98,180,Active,9/9/2024
948,948,Home Loan,127394,5.16,240,Active,12/21/2022
949,949,Education Loan,61903,4.16,12,Active,7/25/2022
950,950,Car Loan,29744,5.15,24,Active,7/28/2022
951,951,Education Loan,21818,8.07,24,Active,5/15/2024
952,952,Personal Loan,5324,6.34,36,Active,7/18/2023
953,953,Education Loan,37851,9.39,180,Active,4/20/2023
954,954,Car Loan,16279,5.71,36,Closed,5/17/2022
955,955,Education Loan,52875,9.29,240,Active,6/12/2024
956,956,Education Loan,61622,6.74,36,Active,1/29/2024
957,957,Business Loan,57050,4.55,120,Active,8/29/2022
958,958,Personal Loan,28742,5.38,240,Active,9/6/2023
959,959,Education Loan,20127,7.52,24,Active,2/15/2022
960,960,Car Loan,29787,6.05,36,Active,7/4/2022
961,961,Education Loan,29758,4.99,60,Active,5/8/2023
962,962,Home Loan,216849,9.71,60,Active,2/12/2023
963,963,Business Loan,268689,3.75,240,Active,12/4/2023
964,964,Home Loan,423864,9.04,240,Closed,6/14/2022
965,965,Personal Loan,13437,7.02,60,Active,1/12/2022
966,966,Education Loan,62652,5.96,12,Active,9/22/2022
967,967,Home Loan,396479,8.65,60,Active,3/10/2024
968,968,Education Loan,53917,8.91,36,Active,7/3/2022
969,969,Education Loan,79692,8.32,240,Active,6/3/2022
970,970,Home Loan,256745,9.64,180,Active,7/22/2022
971,971,Business Loan,263079,7.3,240,Active,2/19/2022
972,972,Education Loan,46924,3.28,240,Active,1/11/2023
973,973,Home Loan,394220,7.8,36,Active,11/23/2023
974,974,Personal Loan,6542,6.8,24,Active,3/4/2023
975,975,Home Loan,314236,5.27,180,Active,4/25/2022
976,976,Personal Loan,7399,6.72,60,Active,3/28/2022
977,977,Business Loan,74791,3.88,24,Active,3/18/2023
978,978,Personal Loan,27635,9.8,180,Active,7/29/2024
979,979,Business Loan,199177,6.21,12,Active,2/9/2022
980,980,Car Loan,49934,9.84,180,Closed,4/14/2022
981,981,Education Loan,77191,9.86,12,Active,10/15/2023
982,982,Personal Loan,32690,5.81,24,Default,9/21/2022
983,983,Home Loan,307244,9.76,240,Active,9/25/2022
984,984,Personal Loan,45342,6.6,240,Closed,12/12/2023
985,985,Home Loan,276207,7.01,24,Closed,3/24/2023
986,986,Personal Loan,17170,4.94,180,Active,2/13/2023
987,987,Car Loan,54447,4.99,12,Active,1/20/2022
988,988,Education Loan,27008,4.92,60,Active,9/26/2024
989,989,Personal Loan,11366,4.55,12,Closed,8/15/2022
990,990,Home Loan,400542,5.01,180,Active,4/17/2023
991,991,Business Loan,160300,7.44,36,Active,5/3/2023
992,992,Business Loan,53294,5.4,36,Active,4/1/2023
993,993,Car Loan,40274,8.98,60,Active,12/16/2023
994,994,Car Loan,54104,5.73,60,Active,5/22/2024
995,995,Business Loan,70606,7.42,120,Default,3/27/2022
996,996,Car Loan,59021,9.89,36,Active,2/8/2024
997,997,Personal Loan,34589,7.72,12,Active,8/22/2023
998,998,Car Loan,50911,5.46,60,Active,2/23/2024
999,999,Home Loan,473943,9.81,120,Closed,8/29/2022
1000,1000,Education Loan,27261,5.65,240,Active,2/10/2023
